wl,halfsun,visfilterTransmittance,nirfilterTransmittance,Full.f,vis.f,nir.f
400,1.6255,87.08227273,1.260909091,1.6255,1.415522343,0.020496077
401,1.6353,87.03722332,1.242628459,1.6353,1.423319713,0.020320703
402,1.6451,86.99217391,1.224347826,1.6451,1.431108253,0.020141746
403,1.6549,86.55540514,1.20603755,1.6549,1.4324054,0.019958715
404,1.6647,86.11863636,1.187727273,1.6647,1.433616939,0.019772096
405,1.6745,85.94801383,1.170602767,1.6745,1.439199492,0.019601743
406,1.689,85.7773913,1.153478261,1.689,1.448780139,0.019482248
407,1.7035,85.93278656,1.13833004,1.7035,1.463865019,0.019391452
408,1.718,86.08818182,1.123181818,1.718,1.478994964,0.019296264
409,1.7325,86.266917,1.112677866,1.7325,1.494574337,0.019277144
410,1.747,86.44565217,1.102173913,1.747,1.510205543,0.019254978
411,1.7686,86.51373518,1.084268775,1.7686,1.53008192,0.019176378
412,1.7902,86.58181818,1.066363636,1.7902,1.549987709,0.019090042
413,1.8118,86.73025692,1.029486166,1.8118,1.571378795,0.01865223
414,1.8334,86.87869565,0.992608696,1.8334,1.592834006,0.018198488
415,1.855,86.97002965,0.950849803,1.855,1.61329405,0.017638264
416,1.8845,87.06136364,0.909090909,1.8845,1.640671398,0.017131818
417,1.914,86.93546443,0.864110672,1.914,1.663944789,0.016539078
418,1.9435,86.80956522,0.819130435,1.9435,1.6871439,0.0159198
419,1.973,86.64273716,0.774337945,1.973,1.709461204,0.015277688
420,2.0025,86.47590909,0.729545455,2.0025,1.73168008,0.014609148
421,2.0355,86.4590415,0.704120554,2.0355,1.75987379,0.014332374
422,2.0685,86.44217391,0.678695652,2.0685,1.788056367,0.01403882
423,2.1015,86.51913044,0.67826087,2.1015,1.818199526,0.014253652
424,2.1345,86.59608696,0.677826087,2.1345,1.848393476,0.014468198
425,2.1675,86.70956522,0.689782609,2.1675,1.879429826,0.014951038
426,2.1929,86.82304348,0.70173913,2.1929,1.90394252,0.015388437
427,2.2183,86.89630435,0.715434783,2.2183,1.927620719,0.01587049
428,2.2437,86.96956522,0.729130435,2.2437,1.951336135,0.0163595
429,2.2691,87.09478261,0.737608696,2.2691,1.976267712,0.016737079
430,2.2945,87.22,0.746086957,2.2945,2.0012629,0.017118965
431,2.2682,87.48152174,0.749782609,2.2682,1.984255876,0.017006569
432,2.2419,87.74304348,0.753478261,2.2419,1.967111292,0.016892229
433,2.2156,88.01243083,0.742420949,2.2156,1.950003417,0.016449079
434,2.1893,88.28181818,0.731363636,2.1893,1.932753845,0.016011744
435,2.163,88.41699605,0.709812253,2.163,1.912459624,0.015353239
436,2.141,88.55217391,0.68826087,2.141,1.895902043,0.014735665
437,2.119,88.72608696,0.673221344,2.119,1.880105783,0.01426556
438,2.097,88.9,0.658181818,2.097,1.864233,0.013802073
439,2.075,89.08782609,0.646264822,2.075,1.848572391,0.013409995
440,2.053,89.27565217,0.634347826,2.053,1.832829139,0.013023161
441,2.0369,89.48608696,0.616086957,2.0369,1.822742105,0.012549075
442,2.0208,89.69652174,0.597826087,2.0208,1.812587311,0.01208087
443,2.0047,89.77108696,0.587173913,2.0047,1.79964098,0.011771075
444,1.9886,89.84565217,0.576521739,1.9886,1.786670639,0.011464711
445,1.9725,89.97717391,0.575217391,1.9725,1.774799755,0.011346163
446,1.9565,90.10869565,0.573913043,1.9565,1.76297663,0.011228609
447,1.9405,90.22326087,0.573478261,1.9405,1.750782377,0.011128346
448,1.9245,90.33782609,0.573043478,1.9245,1.738551463,0.011028222
449,1.9085,90.43913044,0.572173913,1.9085,1.726030804,0.010919939
450,1.8925,90.54043478,0.571304348,1.8925,1.713477728,0.010811935
451,1.8764,90.51294467,0.575879447,1.8764,1.698384894,0.010805802
452,1.8603,90.48545455,0.580454545,1.8603,1.683300911,0.010798196
453,1.8442,90.35664032,0.576531621,1.8442,1.666357161,0.010632396
454,1.8281,90.22782609,0.572608696,1.8281,1.649454889,0.01046786
455,1.812,90.11326087,0.558478261,1.812,1.632852287,0.010119626
456,1.8008,89.99869565,0.544347826,1.8008,1.620696511,0.009802616
457,1.7896,89.97130435,0.53326087,1.7896,1.610126463,0.009543237
458,1.7784,89.94391304,0.522173913,1.7784,1.59956255,0.009286341
459,1.7672,89.9976087,0.513478261,1.7672,1.590437741,0.009074188
460,1.756,90.05130435,0.504782609,1.756,1.581300904,0.008863983
461,1.773,90.10913044,0.497173913,1.773,1.597634883,0.008814893
462,1.79,90.16695652,0.489565217,1.79,1.613988522,0.008763217
463,1.807,90.27217391,0.483695652,1.807,1.631218183,0.00874038
464,1.824,90.3773913,0.477826087,1.824,1.648483617,0.008715548
465,1.841,90.49826087,0.475434783,1.841,1.666072983,0.008752754
466,1.8542,90.61913043,0.473043478,1.8542,1.680259916,0.008771172
467,1.8674,90.75021739,0.47,1.8674,1.69466956,0.00877678
468,1.8806,90.88130435,0.466956522,1.8806,1.70911381,0.008781584
469,1.8938,91.06739131,0.458913044,1.8938,1.724634257,0.008690895
470,1.907,91.25347826,0.450869565,1.907,1.74020383,0.008598083
471,1.9154,91.41782609,0.444130435,1.9154,1.751017041,0.008506874
472,1.9238,91.58217391,0.437391304,1.9238,1.761857862,0.008414534
473,1.9322,91.78130435,0.428478261,1.9322,1.773398363,0.008279057
474,1.9406,91.98043478,0.419565217,1.9406,1.784972317,0.008142083
475,1.949,92.08730073,0.408115942,1.949,1.794781491,0.00795418
476,1.9574,92.19416667,0.396666667,1.9574,1.804608618,0.007764353
477,1.9658,92.24230073,0.378768116,1.9658,1.813299148,0.007445824
478,1.9742,92.29043478,0.360869565,1.9742,1.821997763,0.007124287
479,1.9826,92.36565218,0.335217391,1.9826,1.83124142,0.00664602
480,1.991,92.44086957,0.309565217,1.991,1.840497713,0.006163443
481,1.9994,92.55456522,0.289130435,1.9994,1.850535977,0.005780874
482,2.0078,92.66826087,0.268695652,2.0078,1.860593342,0.005394871
483,2.0162,92.77673913,0.248043478,2.0162,1.870564614,0.005001053
484,2.0246,92.88521739,0.227391304,2.0246,1.880554111,0.004603764
485,2.033,93.04652174,0.212391304,2.033,1.891635787,0.004317915
486,2.0414,93.20782609,0.197391304,2.0414,1.902744562,0.004029546
487,2.0498,93.2702174,0.193478261,2.0498,1.911852916,0.003965917
488,2.0582,93.3326087,0.189565217,2.0582,1.920971752,0.003901631
489,2.0666,93.18717392,0.190869565,2.0666,1.925806136,0.00394451
490,2.075,93.04173913,0.192173913,2.075,1.930616087,0.003987609
491,2.0834,92.97304348,0.196086957,2.0834,1.937000388,0.004085276
492,2.0918,92.90434783,0.2,2.0918,1.943373148,0.0041836
493,2.1002,92.94043479,0.202391305,2.1002,1.951935011,0.004250622
494,2.1086,92.97652174,0.204782609,2.1086,1.960502937,0.004318046
495,2.117,92.94673913,0.207173913,2.117,1.967682467,0.004385872
496,2.1205,92.91695652,0.209565217,2.1205,1.970304063,0.00444383
497,2.124,92.90630435,0.210869565,2.124,1.973329904,0.00447887
498,2.1275,92.89565217,0.212173913,2.1275,1.976355,0.004514
499,2.131,92.87065217,0.212391305,2.131,1.979073598,0.004526059
500,2.1345,92.84565217,0.212608696,2.1345,1.981790446,0.004538133
501,2.1321,92.69949275,0.210679348,2.1321,1.976445885,0.004491894
502,2.1297,92.55333333,0.20875,2.1297,1.97110834,0.004445749
503,2.1273,92.48318841,0.207418479,2.1273,1.967394867,0.004412413
504,2.1249,92.41304348,0.206086957,2.1249,1.963684761,0.004379142
505,2.1225,92.48326087,0.203043479,2.1225,1.962957212,0.004309598
506,2.1202,92.55347826,0.2,2.1202,1.962318846,0.0042404
507,2.1179,92.7009058,0.196666667,2.1179,1.963312484,0.004165203
508,2.1156,92.84833333,0.193333333,2.1156,1.96429934,0.00409016
509,2.1133,93.04394928,0.190362319,2.1133,1.96629778,0.004022927
510,2.111,93.23956522,0.187391304,2.111,1.968287222,0.00395583
511,2.1089,93.29956522,0.185217391,2.1089,1.967594531,0.00390605
512,2.1068,93.35956522,0.183043478,2.1068,1.96689932,0.00385636
513,2.1047,93.09228261,0.181521739,2.1047,1.959313272,0.003820488
514,2.1026,92.825,0.18,2.1026,1.95173845,0.00378468
515,2.1005,92.49184783,0.179130435,2.1005,1.942791264,0.003762635
516,2.1017,92.15869565,0.17826087,2.1017,1.936899306,0.003746509
517,2.1029,91.82978261,0.177391305,2.1029,1.931088499,0.003730362
518,2.1041,91.50086957,0.176521739,2.1041,1.925269797,0.003714194
519,2.1053,91.42272645,0.174719203,2.1053,1.92472266,0.003678363
520,2.1065,91.34458333,0.172916667,2.1065,1.924173648,0.00364249
521,2.1077,91.38968297,0.169719203,2.1077,1.926220348,0.003577172
522,2.1089,91.43478261,0.166521739,2.1089,1.92826813,0.003511777
523,2.1101,91.58108696,0.161521739,2.1101,1.932452516,0.00340827
524,2.1113,91.7273913,0.156521739,2.1113,1.936640413,0.003304643
525,2.1125,91.74432065,0.15201087,2.1125,1.938098774,0.00321123
526,2.1138,91.76125,0.1475,2.1138,1.939649303,0.003117855
527,2.1151,91.66019022,0.143532609,2.1151,1.938704683,0.003035858
528,2.1164,91.55913043,0.139565217,2.1164,1.937757436,0.002953758
529,2.1177,91.27369565,0.136956522,2.1177,1.932903053,0.002900328
530,2.119,90.98826087,0.134347826,2.119,1.928041248,0.00284683
531,2.1202,90.86163044,0.134048913,2.1202,1.926448288,0.002842105
532,2.1214,90.735,0.13375,2.1214,1.92485229,0.002837373
533,2.1226,90.78206522,0.134701087,2.1226,1.926940116,0.002859165
534,2.1238,90.82913043,0.135652174,2.1238,1.929029072,0.002880981
535,2.125,91.09434783,0.136086957,2.125,1.935754891,0.002891848
536,2.125,91.35956522,0.136521739,2.125,1.941390761,0.002901087
537,2.125,91.62165761,0.13513587,2.125,1.946960224,0.002871637
538,2.125,91.88375,0.13375,2.125,1.952529688,0.002842188
539,2.125,92.146875,0.132744565,2.125,1.958121094,0.002820822
540,2.125,92.41,0.13173913,2.125,1.9637125,0.002799457
541,2.1246,92.59347826,0.130869565,2.1246,1.967241039,0.002780455
542,2.1242,92.77695652,0.13,2.1242,1.97076811,0.00276146
543,2.1238,92.7974366,0.130208334,2.1238,1.970831958,0.002765365
544,2.1234,92.81791667,0.130416667,2.1234,1.970895643,0.002769268
545,2.123,92.77548008,0.131077899,2.123,1.969623442,0.002782784
546,2.1226,92.73304348,0.13173913,2.1226,1.968351581,0.002796295
547,2.1222,92.81891305,0.133913044,2.1222,1.969802973,0.002841903
548,2.1218,92.90478261,0.136086957,2.1218,1.971253677,0.002887493
549,2.1214,93.11634964,0.137210145,2.1214,1.975370241,0.002910776
550,2.121,93.32791667,0.138333333,2.121,1.979485113,0.00293405
551,2.1206,93.56833334,0.139791667,2.1206,1.984210077,0.002964422
552,2.1202,93.80875,0.14125,2.1202,1.988933118,0.002994783
553,2.1198,94.00763587,0.141929348,2.1198,1.992773865,0.003008618
554,2.1194,94.20652174,0.142608696,2.1194,1.996613022,0.003022449
555,2.119,94.34409421,0.142554348,2.119,1.999151356,0.003020727
556,2.1186,94.48166667,0.1425,2.1186,2.00168859,0.003019005
557,2.1182,94.51375,0.141666667,2.1182,2.001990253,0.003000783
558,2.1178,94.54583333,0.140833333,2.1178,2.002291658,0.002982568
559,2.1174,94.37639493,0.140199275,2.1174,1.998325786,0.002968579
560,2.117,94.20695652,0.139565217,2.117,1.99436127,0.002954596
561,2.1167,93.86021739,0.137826087,2.1167,1.986739221,0.002917365
562,2.1164,93.51347826,0.136086957,2.1164,1.979119254,0.002880144
563,2.1161,93.3021558,0.133876812,2.1161,1.974366919,0.002832967
564,2.1158,93.09083333,0.131666667,2.1158,1.969615852,0.002785803
565,2.1155,92.990625,0.129583334,2.1155,1.967216672,0.002741335
566,2.1151,92.89041667,0.1275,2.1151,1.964725203,0.002696753
567,2.1147,92.87390399,0.127228261,2.1147,1.964004448,0.002690496
568,2.1143,92.8573913,0.126956522,2.1143,1.963283824,0.002684242
569,2.1139,92.98932065,0.126394928,2.1139,1.965701249,0.002671862
570,2.1135,93.12125,0.125833333,2.1135,1.968117619,0.002659487
571,2.1047,93.25229167,0.125833333,2.1047,1.962680983,0.002648414
572,2.0959,93.38333333,0.125833333,2.0959,1.957221283,0.002637341
573,2.0871,93.30625,0.126458333,2.0871,1.947394744,0.002639312
574,2.0783,93.22916667,0.127083333,2.0783,1.937581771,0.002641173
575,2.0695,92.97480073,0.128759058,2.0695,1.924113501,0.002664669
576,2.0615,92.72043478,0.130434783,2.0615,1.911431763,0.002688913
577,2.0535,92.30834239,0.131467392,2.0535,1.895551811,0.002699683
578,2.0455,91.89625,0.1325,2.0455,1.879737794,0.002710288
579,2.0375,91.42958334,0.133958334,2.0375,1.86287776,0.002729401
580,2.0295,90.96291667,0.135416667,2.0295,1.846092394,0.002748281
581,2.0258,90.615,0.136458334,2.0258,1.83567867,0.002764373
582,2.0221,90.26708333,0.1375,2.0221,1.825290692,0.002780388
583,2.0184,90.10354167,0.138532609,2.0184,1.818649885,0.002796142
584,2.0147,89.94,0.139565217,2.0147,1.81202118,0.00281182
585,2.011,89.92895834,0.139157609,2.011,1.808471352,0.00279846
586,2.0073,89.91791667,0.13875,2.0073,1.804922341,0.002785129
587,2.0036,89.86666667,0.137708334,2.0036,1.800568533,0.002759124
588,1.9999,89.81541667,0.136666667,1.9999,1.796218518,0.002733197
589,1.9962,89.615625,0.135625,1.9962,1.788907106,0.002707346
590,1.9925,89.41583333,0.134583333,1.9925,1.781610479,0.002681573
591,1.9888,89.13030797,0.133596015,1.9888,1.772623565,0.002656958
592,1.9851,88.84478261,0.132608696,1.9851,1.76365778,0.002632415
593,1.9814,88.40780797,0.131096015,1.9814,1.751712307,0.002597536
594,1.9777,87.97083333,0.129583333,1.9777,1.739799171,0.00256277
595,1.974,87.355,0.128125,1.974,1.7243877,0.002529188
596,1.9703,86.73916667,0.126666667,1.9703,1.709021801,0.002495713
597,1.9666,86.16125,0.125625,1.9666,1.694447143,0.002470541
598,1.9629,85.58333333,0.124583333,1.9629,1.67991525,0.002445446
599,1.9592,85.18916667,0.123333333,1.9592,1.669026153,0.002416347
600,1.9555,84.795,0.122083333,1.9555,1.658166225,0.00238734
601,1.9598,84.53645834,0.12125,1.9598,1.65674551,0.002376258
602,1.9641,84.27791667,0.120416667,1.9641,1.655302561,0.002365104
603,1.9684,83.96020834,0.12,1.9684,1.652672741,0.00236208
604,1.9727,83.6425,0.119583333,1.9727,1.650015598,0.00235902
605,1.977,83.35458334,0.120416667,1.977,1.647920113,0.002380637
606,1.9816,83.06666667,0.12125,1.9816,1.646049067,0.00240269
607,1.9862,82.701875,0.122291667,1.9862,1.642624641,0.002428957
608,1.9908,82.33708333,0.123333333,1.9908,1.639166655,0.00245532
609,1.9954,81.80875,0.125625,1.9954,1.632411798,0.002506721
610,2,81.28041667,0.127916667,2,1.625608333,0.002558333
611,2.0047,80.82666667,0.129583334,2.0047,1.620332187,0.002597757
612,2.0094,80.37291667,0.13125,2.0094,1.615013388,0.002637338
613,2.0141,79.845625,0.133333334,2.0141,1.608170733,0.002685467
614,2.0188,79.31833333,0.135416667,2.0188,1.601278513,0.002733792
615,2.0235,78.76770833,0.136666667,2.0235,1.593864578,0.00276545
616,2.0281,78.21708333,0.137916667,2.0281,1.586320667,0.002797088
617,2.0327,77.59333333,0.14,2.0327,1.577239687,0.00284578
618,2.0373,76.96958333,0.142083333,2.0373,1.568101321,0.002894664
619,2.0419,76.27458333,0.143125,2.0419,1.557450717,0.002922469
620,2.0465,75.57958333,0.144166667,2.0465,1.546736173,0.002950371
621,2.0512,74.97375,0.144375,2.0512,1.53786156,0.00296142
622,2.0559,74.36791667,0.144583333,2.0559,1.528929999,0.002972489
623,2.0606,73.626875,0.144583333,2.0606,1.517155386,0.002979284
624,2.0653,72.88583333,0.144583333,2.0653,1.505311116,0.00298608
625,2.07,72.28229167,0.145416667,2.07,1.496243437,0.003010125
626,2.0604,71.67875,0.14625,2.0604,1.476868965,0.003013335
627,2.0508,71.231875,0.14625,2.0508,1.460823293,0.002999295
628,2.0412,70.785,0.14625,2.0412,1.44486342,0.002985255
629,2.0316,70.42625,0.146666667,2.0316,1.430779695,0.00297968
630,2.022,70.0675,0.147083333,2.022,1.41676485,0.002974025
631,2.0082,69.71375,0.148741667,2.0082,1.399991528,0.00298703
632,1.9944,69.36,0.1504,1.9944,1.38331584,0.002999578
633,1.9806,68.91083334,0.152283334,1.9806,1.364847965,0.003016124
634,1.9668,68.46166667,0.154166667,1.9668,1.34650406,0.00303215
635,1.953,67.715,0.155416667,1.953,1.32247395,0.003035288
636,1.9298,66.96833333,0.156666667,1.9298,1.292354897,0.003023353
637,1.9066,66.07375,0.157708334,1.9066,1.259762118,0.003006867
638,1.8834,65.17916667,0.15875,1.8834,1.227584425,0.002989898
639,1.8602,64.278125,0.159791667,1.8602,1.195701681,0.002972445
640,1.837,63.37708333,0.160833333,1.837,1.164237021,0.002954508
641,1.8366,62.52458333,0.161875,1.8366,1.148326497,0.002972996
642,1.8362,61.67208333,0.162916667,1.8362,1.132422794,0.002991476
643,1.8358,61.00304167,0.163858334,1.8358,1.119893839,0.003008111
644,1.8354,60.334,0.1648,1.8354,1.107370236,0.003024739
645,1.835,59.7316,0.1664,1.835,1.09607486,0.00305344
646,1.8563,59.1292,0.168,1.8563,1.09761534,0.003118584
647,1.8776,58.71251667,0.169833334,1.8776,1.102386213,0.003188791
648,1.8989,58.29583333,0.171666667,1.8989,1.106979579,0.003259778
649,1.9202,57.88208333,0.173333334,1.9202,1.111451764,0.003328347
650,1.9415,57.46833333,0.175,1.9415,1.115747692,0.003397625
651,1.9554,57.015625,0.176458334,1.9554,1.114883531,0.003450466
652,1.9693,56.56291667,0.177916667,1.9693,1.113893518,0.003503713
653,1.9832,56.04354167,0.179791667,1.9832,1.111455518,0.003565628
654,1.9971,55.52416667,0.181666667,1.9971,1.108873133,0.003628065
655,2.011,54.88041667,0.182291667,2.011,1.103645179,0.003665885
656,1.9873,54.23666667,0.182916667,1.9873,1.077845277,0.003635103
657,1.9636,53.52833334,0.183258334,1.9636,1.051082353,0.003598461
658,1.9399,52.82,0.1836,1.9399,1.02465518,0.003561656
659,1.9162,52.0078,0.185,1.9162,0.996573464,0.00354497
660,1.8925,51.1956,0.1864,1.8925,0.96887673,0.00352762
661,1.8626,50.4274,0.1884,1.8626,0.939260752,0.003509138
662,1.8327,49.6592,0.1904,1.8327,0.910104158,0.003489461
663,1.8028,48.982725,0.192283334,1.8028,0.883060566,0.003466484
664,1.7729,48.30625,0.194166667,1.7729,0.856421506,0.003442381
665,1.743,47.58166667,0.197083334,1.743,0.82934845,0.003435163
666,1.7261,46.85708333,0.2,1.7261,0.808800115,0.0034522
667,1.7092,46.19729167,0.203541667,1.7092,0.789604109,0.003478934
668,1.6923,45.5375,0.207083333,1.6923,0.770631113,0.003504471
669,1.6754,44.94333334,0.210416667,1.6754,0.752980607,0.003525321
670,1.6585,44.34916667,0.21375,1.6585,0.735530929,0.003545044
671,1.6724,43.764375,0.216875,1.6724,0.731915408,0.003627018
672,1.6863,43.17958333,0.22,1.6863,0.728137314,0.00370986
673,1.7002,42.67579167,0.223,1.7002,0.72557381,0.003791446
674,1.7141,42.172,0.226,1.7141,0.722870252,0.003873866
675,1.728,41.666,0.2308,1.728,0.71998848,0.003988224
676,1.7246,41.16,0.2356,1.7246,0.70984536,0.004063158
677,1.7212,40.6862,0.2412,1.7212,0.700290874,0.004151534
678,1.7178,40.2124,0.2468,1.7178,0.690768607,0.00423953
679,1.7144,39.7042,0.2542,1.7144,0.680688805,0.004358005
680,1.711,39.196,0.2616,1.711,0.67064356,0.004475976
681,1.6956,38.6514,0.2714,1.6956,0.655373138,0.004601858
682,1.6802,38.1068,0.2812,1.6802,0.640270454,0.004724722
683,1.6648,37.5116,0.2954,1.6648,0.624493117,0.004917819
684,1.6494,36.9164,0.3096,1.6494,0.608899102,0.005106542
685,1.634,36.2292,0.3374,1.634,0.591985128,0.005513116
686,1.6185,35.542,0.3652,1.6185,0.57524727,0.005910762
687,1.603,34.83808334,0.428016667,1.603,0.558454476,0.006861107
688,1.5875,34.13416667,0.490833333,1.5875,0.541879896,0.007791979
689,1.572,33.089375,0.800416667,1.572,0.520164975,0.01258255
690,1.5565,32.04458333,1.11,1.5565,0.49877394,0.01727715
691,1.5525,30.38416667,2.836875,1.5525,0.471714187,0.044042484
692,1.5485,28.72375,4.56375,1.5485,0.444787269,0.070669669
693,1.5445,26.29458334,9.959791665,1.5445,0.40611984,0.153828982
694,1.5405,23.86541667,15.35583333,1.5405,0.367646744,0.236556612
695,1.5365,20.96520834,24.425,1.5365,0.322130426,0.375290125
696,1.5375,18.065,33.49416667,1.5375,0.277749375,0.514972813
697,1.5385,15.4245,43.08788334,1.5385,0.237305933,0.662907085
698,1.5395,12.784,52.6816,1.5395,0.19680968,0.811033232
699,1.5405,10.1378,63.0886,1.5405,0.156172809,0.971879883
700,1.5415,7.4916,73.4956,1.5415,0.115483014,1.132934674
701,1.5172,5.5328,82.6092,1.5172,0.083943642,1.253346782
702,1.4929,3.574,91.7228,1.4929,0.053356246,1.369329681
703,1.4686,2.5074,92.9184,1.4686,0.036823676,1.364599622
704,1.4443,1.4408,94.114,1.4443,0.020809474,1.359288502
705,1.42,1.0174,95.19,1.42,0.01444708,1.351698
706,1.3587,0.594,96.266,1.3587,0.008070678,1.307966142
707,1.2974,0.4616,96.803,1.2974,0.005988798,1.255922122
708,1.2361,0.3292,97.34,1.2361,0.004069241,1.20321974
709,1.1748,0.2896,97.4554,1.1748,0.003402221,1.144906039
710,1.1135,0.25,97.5708,1.1135,0.00278375,1.086450858
711,1.0904,0.2362,97.5658,1.0904,0.002575525,1.063857483
712,1.0673,0.2224,97.5608,1.0673,0.002373675,1.041266418
713,1.0442,0.2168,97.601,1.0442,0.002263826,1.019149642
714,1.0211,0.2112,97.6412,1.0211,0.002156563,0.997014293
715,0.998,0.2104,97.698,0.998,0.002099792,0.97502604
716,1.0034,0.2096,97.7548,1.0034,0.002103126,0.980871663
717,1.0088,0.2104,97.7836,1.0088,0.002122515,0.986440957
718,1.0142,0.2112,97.8124,1.0142,0.00214199,0.992013361
719,1.0196,0.2122,97.8308,1.0196,0.002163591,0.997482837
720,1.025,0.2132,97.8492,1.025,0.0021853,1.0029543
721,1.0304,0.2136,97.8814,1.0304,0.002200934,1.008569946
722,1.0358,0.214,97.9136,1.0358,0.002216612,1.014189069
723,1.0412,0.2146,97.9326,1.0412,0.002234415,1.019674231
724,1.0466,0.2152,97.9516,1.0466,0.002252283,1.025161446
725,1.052,0.2148,97.9432,1.052,0.002259696,1.030362464
726,1.0519,0.2144,97.9348,1.0519,0.002255274,1.030176161
727,1.0518,0.2134,97.9268,1.0518,0.002244541,1.029994082
728,1.0517,0.2124,97.9188,1.0517,0.002233811,1.02981202
729,1.0516,0.2106,97.9328,1.0516,0.00221467,1.029861325
730,1.0515,0.2088,97.9468,1.0515,0.002195532,1.029910602
731,1.0407,0.2078,97.973,1.0407,0.002162575,1.019605011
732,1.0299,0.2068,97.9992,1.0299,0.002129833,1.009293761
733,1.0191,0.2068,98.0048,1.0191,0.002107499,0.998766917
734,1.0083,0.2068,98.0104,1.0083,0.002085164,0.988238863
735,0.9975,0.2068,97.992,0.9975,0.00206283,0.9774702
736,0.971,0.2068,97.9736,0.971,0.002008028,0.951323656
737,0.9445,0.2076,97.9652,0.9445,0.001960782,0.925281314
738,0.918,0.2084,97.9568,0.918,0.001913112,0.899243424
739,0.8915,0.2104,97.9806,0.8915,0.001875716,0.873497049
740,0.865,0.2124,98.0044,0.865,0.00183726,0.84773806
741,0.8295,0.215,98.0452,0.8295,0.001783425,0.813284934
742,0.794,0.2176,98.086,0.794,0.001727744,0.77880284
743,0.7585,0.2196,98.113,0.7585,0.001665666,0.744187105
744,0.723,0.2216,98.14,0.723,0.001602168,0.7095522
745,0.6875,0.2236,98.127,0.6875,0.00153725,0.674623125
746,0.8034,0.2256,98.114,0.8034,0.00181247,0.788247876
747,0.9193,0.226261539,98.072,0.9193,0.002080022,0.901575896
748,1.0352,0.226923077,98.03,1.0352,0.002349108,1.01480656
749,1.1511,0.226346154,97.99788462,1.1511,0.002605471,1.12805365
750,1.267,0.225769231,97.96576923,1.267,0.002860496,1.241226296
751,1.3957,0.223846154,97.95230769,1.3957,0.003124221,1.367120358
752,1.5244,0.221923077,97.93884615,1.5244,0.003382995,1.492979771
753,1.6531,0.220192308,97.94788462,1.6531,0.003639999,1.619176481
754,1.7818,0.218461538,97.95692308,1.7818,0.003892548,1.745396455
755,1.9105,0.217692308,97.97692308,1.9105,0.004159012,1.871849115
756,2.0391,0.216923077,97.99692308,2.0391,0.004423278,1.998255259
757,2.1677,0.217461539,97.99826154,2.1677,0.004713914,2.124308315
758,2.2963,0.218,97.9996,2.2963,0.005005934,2.250364815
759,2.4249,0.2194,97.9612,2.4249,0.005320231,2.375461139
760,2.5535,0.2208,97.9228,2.5535,0.005638128,2.500458698
761,2.6822,0.2234,97.8818,2.6822,0.005992035,2.62538564
762,2.8109,0.226,97.8408,2.8109,0.006352634,2.750207047
763,2.9396,0.2296,97.8196,2.9396,0.006749322,2.875504962
764,3.0683,0.2332,97.7984,3.0683,0.007155276,3.000748307
765,3.197,0.2372,97.805,3.197,0.007583284,3.12682585
766,3.1066,0.2412,97.8116,3.1066,0.007493119,3.038615166
767,3.0162,0.2452,97.8482,3.0162,0.007395722,2.951297408
768,2.9258,0.2492,97.8848,2.9258,0.007291094,2.863913478
769,2.8354,0.2528,97.9424,2.8354,0.007167891,2.77705881
770,2.745,0.2564,98,2.745,0.00703818,2.6901
771,2.5378,0.259738462,98.02307693,2.5378,0.006591643,2.487629646
772,2.3306,0.263076923,98.04615385,2.3306,0.006131271,2.285063662
773,2.1234,0.265769231,98.03384616,2.1234,0.005643344,2.081650689
774,1.9162,0.268461538,98.02153846,1.9162,0.00514426,1.87828872
775,1.709,0.271153846,97.99711539,1.709,0.004634019,1.674770702
776,1.6001,0.273846154,97.97269231,1.6001,0.004381812,1.56766105
777,1.4912,0.276346154,97.94538462,1.4912,0.004120874,1.460561575
778,1.3823,0.278846154,97.91807692,1.3823,0.00385449,1.353521577
779,1.2734,0.283076923,97.89423077,1.2734,0.003604702,1.246585135
780,1.1645,0.287307692,97.87038462,1.1645,0.003345698,1.139700629
781,1.0614,0.292453846,97.87859231,1.0614,0.003104105,1.038883379
782,0.9583,0.2976,97.8868,0.9583,0.002851901,0.938049204
783,0.8552,0.3014,97.9186,0.8552,0.002577573,0.837399867
784,0.7521,0.3052,97.9504,0.7521,0.002295409,0.736684958
785,0.649,0.307407693,97.96058462,0.649,0.001995076,0.635764194
786,0.5968,0.309615385,97.97076923,0.5968,0.001847785,0.584689551
787,0.5446,0.31173077,97.96057693,0.5446,0.001697686,0.533493302
788,0.4924,0.313846154,97.95038462,0.4924,0.001545378,0.482307694
789,0.4402,0.315769231,97.93019231,0.4402,0.001390016,0.431088707
790,0.388,0.317692308,97.91,0.388,0.001232646,0.3798908
791,0.4183,0.319615385,97.88557693,0.4183,0.001336951,0.409455368
792,0.4486,0.321538462,97.86115385,0.4486,0.001442422,0.439005136
793,0.4789,0.32423077,97.8523077,0.4789,0.001552741,0.468614702
794,0.5092,0.326923077,97.84346154,0.5092,0.001664692,0.498218906
795,0.5395,0.331061539,97.85973077,0.5395,0.001786077,0.527953248
796,0.5698,0.3352,97.876,0.5698,0.00190997,0.557697448
797,0.6001,0.339523077,97.90742308,0.6001,0.002037478,0.587542446
798,0.6304,0.343846154,97.93884615,0.6304,0.002167606,0.617406486
799,0.6607,0.349615385,97.97057692,0.6607,0.002309909,0.647291602
800,0.691,0.355384615,98.00230769,0.691,0.002455708,0.677195946
801,0.7213,0.361538462,98.01519231,0.7213,0.002607777,0.706983582
802,0.7516,0.367692308,98.02807692,0.7516,0.002763575,0.736779026
803,0.7819,0.373461539,98.00653846,0.7819,0.002920096,0.766313124
804,0.8122,0.379230769,97.985,0.8122,0.003080112,0.79583417
805,0.8425,0.384615385,97.93788462,0.8425,0.003240385,0.825126678
806,0.8808,0.39,97.89076923,0.8808,0.00343512,0.862221895
807,0.9191,0.3966,97.82658462,0.9191,0.003645151,0.899124139
808,0.9574,0.4032,97.7624,0.9574,0.003860237,0.935977218
809,0.9957,0.408523077,97.70581539,0.9957,0.004067664,0.972856804
810,1.034,0.413846154,97.64923077,1.034,0.004279169,1.009693046
811,1.1361,0.42173077,97.61961539,1.1361,0.004791283,1.10905645
812,1.2382,0.429615385,97.59,1.2382,0.005319498,1.20835938
813,1.3403,0.441923077,97.57961539,1.3403,0.005923095,1.307859585
814,1.4424,0.454230769,97.56923077,1.4424,0.006551825,1.407338585
815,1.5445,0.466346154,97.57153846,1.5445,0.007202716,1.506992412
816,1.5749,0.478461538,97.57384615,1.5749,0.007535291,1.536690503
817,1.6053,0.482749288,97.55673789,1.6053,0.007749574,1.566078313
818,1.6357,0.487037037,97.53962963,1.6357,0.007966465,1.595455722
819,1.6661,0.495633903,97.50750713,1.6661,0.008257756,1.624572576
820,1.6965,0.504230769,97.47538462,1.6965,0.008554275,1.6536699
821,1.6207,0.518461539,97.42307693,1.6207,0.008402706,1.578935808
822,1.5449,0.532692308,97.37076923,1.5449,0.008229563,1.504281014
823,1.4691,0.546346154,97.30288462,1.4691,0.008026371,1.429476678
824,1.3933,0.56,97.235,1.3933,0.00780248,1.354775255
825,1.3175,0.578846154,97.17461539,1.3175,0.007626298,1.280275558
826,1.2865,0.597692308,97.11423077,1.2865,0.007689312,1.249374579
827,1.2555,0.626538462,97.07903846,1.2555,0.00786619,1.218827328
828,1.2245,0.655384615,97.04384615,1.2245,0.008025185,1.188301896
829,1.1935,0.669423077,97.04403846,1.1935,0.007989564,1.158220599
830,1.1625,0.683461538,97.04423077,1.1625,0.00794524,1.128139183
831,1.1512,0.685576923,97.06903846,1.1512,0.007892362,1.117458771
832,1.1399,0.687692308,97.09384615,1.1399,0.007839005,1.106772752
833,1.1286,0.68440171,97.13562678,1.1286,0.007724158,1.096272684
834,1.1173,0.681111111,97.17740741,1.1173,0.007610054,1.085763173
835,1.106,0.670740741,97.205,1.106,0.007418393,1.0750873
836,1.1023,0.66037037,97.23259259,1.1023,0.007279263,1.071794868
837,1.0986,0.648069801,97.25975784,1.0986,0.007119695,1.0684957
838,1.0949,0.635769231,97.28692308,1.0949,0.006961037,1.065194521
839,1.0912,0.625961539,97.30519231,1.0912,0.006830492,1.061794258
840,1.0875,0.616153846,97.32346154,1.0875,0.006700673,1.058392644
841,1.1338,0.60474359,97.33302707,1.1338,0.006856583,1.103561861
842,1.1801,0.593333333,97.34259259,1.1801,0.007001927,1.148739935
843,1.2264,0.583589744,97.33764245,1.2264,0.007157145,1.193748847
844,1.2727,0.573846154,97.33269231,1.2727,0.00730334,1.238753175
845,1.319,0.567692308,97.33673077,1.319,0.007487862,1.283871479
846,1.2999,0.561538462,97.34076923,1.2999,0.007299438,1.265332659
847,1.2808,0.559843305,97.34538462,1.2808,0.007170473,1.246799686
848,1.2617,0.558148148,97.35,1.2617,0.007042155,1.22826495
849,1.2426,0.564444445,97.3312963,1.2426,0.007013787,1.209438688
850,1.2235,0.570740741,97.31259259,1.2235,0.006983013,1.19061957
851,1.1152,0.580947294,97.28725784,1.1152,0.006478724,1.084947499
852,1.0069,0.591153846,97.26192308,1.0069,0.005952328,0.979330303
853,0.8986,0.600384616,97.25346154,0.8986,0.005395056,0.873919605
854,0.7903,0.609615385,97.245,0.7903,0.00481779,0.768527235
855,0.682,0.626103989,97.23472222,0.682,0.004270029,0.663140806
856,0.6743,0.642592593,97.22444444,0.6743,0.004333002,0.655584429
857,0.6666,0.659180912,97.21126068,0.6666,0.0043941,0.648010264
858,0.6589,0.675769231,97.19807692,0.6589,0.004452643,0.640438129
859,0.6512,0.68423077,97.19153846,0.6512,0.004455711,0.632911298
860,0.6435,0.692692308,97.185,0.6435,0.004457475,0.625385475
861,0.6756,0.702642451,97.18324074,0.6756,0.004747052,0.656569974
862,0.7077,0.712592593,97.18148148,0.7077,0.005043018,0.687753344
863,0.7398,0.720370371,97.18333334,0.7398,0.0053293,0.7189623
864,0.7719,0.728148148,97.18518519,0.7719,0.005620576,0.750172444
865,0.804,0.728888889,97.18537038,0.804,0.005860267,0.781370378
866,0.8362,0.72962963,97.18555556,0.8362,0.006101163,0.812665616
867,0.8684,0.730740741,97.18666667,0.8684,0.006345753,0.843969013
868,0.9006,0.731851852,97.18777778,0.9006,0.006591058,0.875273127
869,0.9328,0.737777778,97.18407408,0.9328,0.006881991,0.906533043
870,0.965,0.743703704,97.18037037,0.965,0.007176741,0.937790574
871,0.9972,0.74962963,97.15962963,0.9972,0.007475307,0.968875827
872,1.0294,0.755555556,97.13888889,1.0294,0.007777689,0.999947722
873,1.0616,0.752222223,97.08685185,1.0616,0.007985591,1.030674019
874,1.0938,0.748888889,97.03481481,1.0938,0.008191347,1.061366804
875,1.126,0.732713676,96.94163818,1.126,0.008250356,1.091562846
876,1.1213,0.716538462,96.84846154,1.1213,0.008034546,1.085961799
877,1.1166,0.693824787,96.77997151,1.1166,0.007747248,1.080645162
878,1.1119,0.671111111,96.71148148,1.1119,0.007462084,1.075334963
879,1.1072,0.659444445,96.70111111,1.1072,0.007301369,1.070674702
880,1.1025,0.647777778,96.69074074,1.1025,0.00714175,1.066015417
881,1.052,0.636851852,96.68851852,1.052,0.006699681,1.017163215
882,1.0015,0.625925926,96.6862963,1.0015,0.006268648,0.968313257
883,0.951,0.626481482,96.70462963,0.951,0.005957839,0.919661028
884,0.9005,0.627037037,96.72296296,0.9005,0.005646469,0.870990281
885,0.85,0.637407408,96.78259259,0.85,0.005417963,0.822652037
886,0.7995,0.647777778,96.84222222,0.7995,0.005178983,0.774253567
887,0.749,0.651666667,96.89351852,0.749,0.004880983,0.725732454
888,0.6985,0.655555556,96.94481481,0.6985,0.004579056,0.677159531
889,0.648,0.646111112,96.95166667,0.648,0.0041868,0.6282468
890,0.5975,0.636666667,96.95851852,0.5975,0.003804083,0.579327148
891,0.64,0.629814815,96.99296297,0.64,0.004030815,0.620754963
892,0.6825,0.622962963,97.02740741,0.6825,0.004251722,0.662212056
893,0.725,0.629814815,97.055,0.725,0.004566157,0.70364875
894,0.7675,0.636666667,97.08259259,0.7675,0.004886417,0.745108898
895,0.81,0.661369048,97.05968915,0.81,0.005357089,0.786183482
896,0.8649,0.686071429,97.03678571,0.8649,0.005933832,0.83927116
897,0.9198,0.716369048,96.99228175,0.9198,0.006589163,0.892135007
898,0.9747,0.746666667,96.94777778,0.9747,0.00727776,0.94494999
899,1.0296,0.778148149,96.89370371,1.0296,0.008011813,0.997617573
900,1.0845,0.80962963,96.83962963,1.0845,0.008780433,1.050225783
901,1.1394,0.854814815,96.7362963,1.1394,0.00973976,1.10221336
902,1.1943,0.9,96.63296296,1.1943,0.0107487,1.154087477
903,1.2492,0.932592593,96.54981482,1.2492,0.011649947,1.206100287
904,1.3041,0.965185185,96.46666667,1.3041,0.01258698,1.2580218
905,1.359,0.883962963,96.40833334,1.359,0.012013057,1.31018925
906,1.4006,0.802740741,96.35,1.4006,0.011243187,1.3494781
907,1.4422,0.806148149,96.30962963,1.4422,0.011626269,1.388977479
908,1.4838,0.809555556,96.26925926,1.4838,0.012012185,1.428443269
909,1.5254,0.879063493,96.69462963,1.5254,0.013409235,1.47497988
910,1.567,0.948571429,97.12,1.567,0.014864114,1.5218704
911,1.5933,0.826137567,97.22946429,1.5933,0.01316285,1.549157054
912,1.6196,0.703703704,97.33892857,1.6196,0.011397185,1.576501287
913,1.6459,0.452208995,97.33892857,1.6459,0.007442908,1.602101425
914,1.6722,0.200714286,97.33892857,1.6722,0.003356344,1.627701564
915,1.6985,0.228134921,97.33892857,1.6985,0.003874872,1.653301702
916,1.6462,0.255555556,97.33892857,1.6462,0.004206956,1.602393442
917,1.5939,0.294563493,97.33892857,1.5939,0.004695048,1.551485182
918,1.5416,0.333571429,97.33892857,1.5416,0.005142337,1.500576923
919,1.4893,0.390119048,97.33892857,1.4893,0.005810043,1.449668663
920,1.437,0.446666667,97.33892857,1.437,0.0064186,1.398760404
921,1.3597,0.491521164,97.33892857,1.3597,0.006683213,1.323517412
922,1.2824,0.536375661,97.33892857,1.2824,0.006878481,1.24827442
923,1.2051,0.584153439,97.33892857,1.2051,0.007039633,1.173031428
924,1.1278,0.631931217,97.33892857,1.1278,0.00712692,1.097788436
925,1.0505,0.679708995,97.33892857,1.0505,0.007140343,1.022545445
926,0.9938,0.727486772,97.33892857,0.9938,0.007229764,0.967354272
927,0.9371,0.77526455,97.33892857,0.9371,0.007265004,0.9121631
928,0.8804,0.823042328,97.33892857,0.8804,0.007246065,0.856971927
929,0.8237,0.870820106,97.33892857,0.8237,0.007172945,0.801780755
930,0.767,0.918597884,97.33892857,0.767,0.007045646,0.746589582
931,0.7548,0.466375662,97.52785714,0.7548,0.003520203,0.736140266
932,0.7426,0.014153439,97.71678571,0.7426,0.000105103,0.725644851
933,0.7304,0.061931217,97.71678571,0.7304,0.000452346,0.713723403
934,0.7182,0.109708995,97.71678571,0.7182,0.00078793,0.701801955
935,0.706,0.157486773,97.71678571,0.706,0.001111857,0.689880507
936,0.7022,0.20526455,97.71678571,0.7022,0.001441368,0.686167269
937,0.6984,0.253042328,97.71678571,0.6984,0.001767248,0.682454031
938,0.6946,0.300820106,97.71678571,0.6946,0.002089496,0.678740794
939,0.6908,0.300820106,97.71678571,0.6908,0.002078065,0.675027556
940,0.687,0.300820106,97.71678571,0.687,0.002066634,0.671314318
941,0.6799,0.358082011,97.71678571,0.6799,0.0024346,0.664376426
942,0.6728,0.415343915,97.71678571,0.6728,0.002794434,0.657438534
943,0.6657,0.415343915,97.71678571,0.6657,0.002764944,0.650500642
944,0.6586,0.415343915,97.71678571,0.6586,0.002735455,0.643562751
945,0.6515,0.415343915,97.68,0.6515,0.002705966,0.6363852
946,0.6244,0.415343915,97.64321429,0.6244,0.002593407,0.60968423
947,0.5973,0.415343915,97.64321429,0.5973,0.002480849,0.583222919
948,0.5702,0.415343915,97.64321429,0.5702,0.002368291,0.556761608
949,0.5431,0.415343915,97.64321429,0.5431,0.002255733,0.530300297
950,0.516,0.415343915,97.64321429,0.516,0.002143175,0.503838986
951,0.5218,0.415343915,97.64321429,0.5218,0.002167265,0.509502292
952,0.5276,0.415343915,97.64321429,0.5276,0.002191354,0.515165599
953,0.5334,0.415343915,97.64321429,0.5334,0.002215444,0.520828905
954,0.5392,0.415343915,97.64321429,0.5392,0.002239534,0.526492211
955,0.545,0.415343915,97.64321429,0.545,0.002263624,0.532155518
956,0.5542,0.415343915,97.64321429,0.5542,0.002301836,0.541138694
957,0.5634,0.300661376,97.64321429,0.5634,0.001693926,0.550121869
958,0.5726,0.185978836,97.64321429,0.5726,0.001064915,0.559105045
959,0.5818,0.185978836,97.64321429,0.5818,0.001082025,0.568088221
960,0.591,0.185978836,97.64321429,0.591,0.001099135,0.577071396
961,0.6003,0.185978836,97.63,0.6003,0.001116431,0.58607289
962,0.6096,0.185978836,97.61678571,0.6096,0.001133727,0.595071926
963,0.6189,0.185978836,97.61678571,0.6189,0.001151023,0.604150287
964,0.6282,0.185978836,97.61678571,0.6282,0.001168319,0.613228648
965,0.6375,0.185978836,97.61678571,0.6375,0.001185615,0.622307009
966,0.6468,0.185978836,97.61678571,0.6468,0.001202911,0.63138537
967,0.6561,0.19369709,97.61678571,0.6561,0.001270847,0.640463731
968,0.6654,0.201415344,97.61678571,0.6654,0.001340218,0.649542092
969,0.6747,0.206193122,97.61678571,0.6747,0.001391185,0.658620453
970,0.684,0.210970899,97.61678571,0.684,0.001443041,0.667698814
971,0.6933,0.255895503,97.61678571,0.6933,0.001774124,0.676777175
972,0.7026,0.300820106,97.61678571,0.7026,0.002113562,0.685855536
973,0.7119,0.300820106,97.61678571,0.7119,0.002141538,0.694933897
974,0.7212,0.300820106,97.61678571,0.7212,0.002169515,0.704012259
975,0.7305,0.396375662,97.61678571,0.7305,0.002895524,0.71309062
976,0.7199,0.491931217,97.61678571,0.7199,0.003541413,0.70274324
977,0.7093,0.491931217,97.42839286,0.7093,0.003489268,0.691059591
978,0.6987,0.491931217,97.24,0.6987,0.003437123,0.67941588
979,0.6881,0.645965609,97.24,0.6881,0.004444889,0.66910844
980,0.6775,0.8,97.24,0.6775,0.00542,0.658801
981,0.6621,0.623333334,97.24,0.6621,0.00412709,0.64382604
982,0.6467,0.446666667,97.24,0.6467,0.002888593,0.62885108
983,0.6313,0.446666667,97.24,0.6313,0.002819807,0.61387612
984,0.6159,0.446666667,97.24,0.6159,0.00275102,0.59890116
985,0.6005,0.446666667,97.24,0.6005,0.002682233,0.5839262
986,0.5963,0.446666667,97.24,0.5963,0.002663473,0.57984212
987,0.5921,0.446666667,97.24,0.5921,0.002644713,0.57575804
988,0.5879,0.446666667,97.24,0.5879,0.002625953,0.57167396
989,0.5837,0.238333334,97.24,0.5837,0.001391152,0.56758988
990,0.5795,0.03,97.24,0.5795,0.00017385,0.5635058
991,0.6112,0.03,97.24,0.6112,0.00018336,0.59433088
992,0.6429,0.03,97.24,0.6429,0.00019287,0.62515596
993,0.6746,0.03,97.24,0.6746,0.00020238,0.65598104
994,0.7063,0.03,97.24,0.7063,0.00021189,0.68680612
995,0.738,0.03,97.24,0.738,0.0002214,0.7176312
996,0.7697,0.03,97.24,0.7697,0.00023091,0.74845628
997,0.8014,0.03,97.22738095,0.8014,0.00024042,0.779180231
998,0.8331,0.03,97.2147619,0.8331,0.00024993,0.809896181
999,0.8648,0.0475,97.45620448,0.8648,0.00041078,0.842801256
1000,0.8965,0.065,97.69764706,0.8965,0.000582725,0.875859406
1001,0.9282,0.0675,97.71715687,0.9282,0.000626535,0.90701065
1002,0.9599,0.07,97.73666667,0.9599,0.00067193,0.938174263
1003,0.9916,0.051,97.43270834,0.9916,0.000505716,0.966142736
1004,1.0233,0.032,97.12875,1.0233,0.000327456,0.993918499
1005,1.055,0.026,97.74270834,1.055,0.0002743,1.031185573
1006,1.0293,0.02,98.35666667,1.0293,0.00020586,1.01238517
1007,1.0036,0.022142857,98.36690477,1.0036,0.000222226,0.987210256
1008,0.9779,0.024285714,98.37714286,0.9779,0.00023749,0.96203008
1009,0.9522,0.026309524,98.39107143,0.9522,0.000250519,0.936879782
1010,0.9265,0.028333333,98.405,0.9265,0.000262508,0.911722325
1011,0.8883,0.03,98.42333334,0.8883,0.00026649,0.87429447
1012,0.8501,0.031666667,98.44166667,0.8501,0.000269198,0.836852608
1013,0.8119,0.034166667,98.46333334,0.8119,0.000277399,0.799423803
1014,0.7737,0.036666667,98.485,0.7737,0.00028369,0.761978445
1015,0.7355,0.039166667,98.51,0.7355,0.000288071,0.72454105
1016,0.7204,0.041666667,98.535,0.7204,0.000300167,0.70984614
1017,0.7053,0.0475,98.58916667,0.7053,0.000335018,0.695349392
1018,0.6902,0.053333333,98.64333333,0.6902,0.000368107,0.680836287
1019,0.6751,0.055833333,98.66416667,0.6751,0.000376931,0.666081789
1020,0.66,0.058333333,98.685,0.66,0.000385,0.651321
1021,0.7105,0.061666667,98.7,0.7105,0.000438142,0.7012635
1022,0.761,0.065,98.715,0.761,0.00049465,0.75122115
1023,0.8115,0.0675,98.72583334,0.8115,0.000547763,0.801160138
1024,0.862,0.07,98.73666667,0.862,0.0006034,0.851110067
1025,0.9125,0.073571429,98.74047619,0.9125,0.000671339,0.901006845
1026,1.023,0.077142857,98.74428571,1.023,0.000789171,1.010154043
1027,1.1335,0.081071429,98.74297619,1.1335,0.000918945,1.119251635
1028,1.244,0.085,98.74166667,1.244,0.0010574,1.228346333
1029,1.3545,0.0875,98.7375,1.3545,0.001185188,1.337399438
1030,1.465,0.09,98.73333333,1.465,0.0013185,1.446443333
1031,1.4043,0.0925,98.72916667,1.4043,0.001298978,1.386453687
1032,1.3436,0.095,98.725,1.3436,0.00127642,1.3264691
1033,1.2829,0.098928572,98.70964286,1.2829,0.001269155,1.266346008
1034,1.2222,0.102857143,98.69428571,1.2222,0.00125712,1.20624156
1035,1.1615,0.107261905,98.67880952,1.1615,0.001245847,1.146154373
1036,1.1385,0.111666667,98.66333333,1.1385,0.001271325,1.12328205
1037,1.1155,0.115,98.65,1.1155,0.001282825,1.10044075
1038,1.0925,0.118333333,98.63666667,1.0925,0.001292792,1.077605583
1039,1.0695,0.1225,98.62666667,1.0695,0.001310138,1.0548122
1040,1.0465,0.126666667,98.61666667,1.0465,0.001325567,1.032023417
1041,1.0235,0.133333334,98.60476191,1.0235,0.001364667,1.009219738
1042,1.0005,0.14,98.59285714,1.0005,0.0014007,0.986421536
1043,0.9775,0.148333334,98.58476191,0.9775,0.001449958,0.963666048
1044,0.9545,0.156666667,98.57666667,0.9545,0.001495383,0.940914283
1045,0.9315,0.164166667,98.57083334,0.9315,0.001529213,0.918187313
1046,0.9086,0.171666667,98.565,0.9086,0.001559763,0.89556159
1047,0.8857,0.179166667,98.55833334,0.8857,0.001586879,0.872931158
1048,0.8628,0.186666667,98.55166667,0.8628,0.00161056,0.85030378
1049,0.8399,0.197619048,98.54440477,0.8399,0.001659802,0.827674456
1050,0.817,0.208571429,98.53714286,0.817,0.001704029,0.805048457
1051,0.794,0.220119048,98.53440477,0.794,0.001747745,0.782363174
1052,0.771,0.231666667,98.53166667,0.771,0.00178615,0.75967915
1053,0.748,0.239166667,98.53,0.748,0.001788967,0.7370044
1054,0.725,0.246666667,98.52833333,0.725,0.001788333,0.714330417
1055,0.702,0.2525,98.53,0.702,0.00177255,0.6916806
1056,0.679,0.258333333,98.53166667,0.679,0.001754083,0.669030017
1057,0.656,0.26702381,98.52583334,0.656,0.001751676,0.646329467
1058,0.633,0.275714286,98.52,0.633,0.001745271,0.6236316
1059,0.61,0.28452381,98.515,0.61,0.001735595,0.6009415
1060,0.587,0.293333333,98.51,0.587,0.001721867,0.5782537
1061,0.5823,0.299166667,98.50166667,0.5823,0.001742047,0.573575205
1062,0.5776,0.305,98.49333333,0.5776,0.00176168,0.568897493
1063,0.5729,0.308333334,98.49083333,0.5729,0.001766442,0.564253984
1064,0.5682,0.311666667,98.48833333,0.5682,0.00177089,0.55961071
1065,0.5635,0.315,98.48916667,0.5635,0.001775025,0.554986454
1066,0.566,0.318333333,98.49,0.566,0.001801767,0.5574534
1067,0.5685,0.325,98.50583334,0.5685,0.001847625,0.560005663
1068,0.571,0.331666667,98.52166667,0.571,0.001893817,0.562558717
1069,0.5735,0.335833334,98.52416667,0.5735,0.001926004,0.565036096
1070,0.576,0.34,98.52666667,0.576,0.0019584,0.5675136
1071,0.5785,0.345,98.52916667,0.5785,0.001995825,0.569991229
1072,0.581,0.35,98.53166667,0.581,0.0020335,0.572468983
1073,0.5835,0.356666667,98.5325,0.5835,0.00208115,0.574937138
1074,0.586,0.363333333,98.53333333,0.586,0.002129133,0.577405333
1075,0.5885,0.373809524,98.5402381,0.5885,0.002199869,0.579909301
1076,0.5909,0.384285714,98.54714286,0.5909,0.002270744,0.582315067
1077,0.5933,0.395476191,98.54440477,0.5933,0.00234636,0.584663953
1078,0.5957,0.406666667,98.54166667,0.5957,0.002422513,0.587012708
1079,0.5981,0.4125,98.545,0.5981,0.002467163,0.589397645
1080,0.6005,0.418333333,98.54833333,0.6005,0.002512092,0.591782742
1081,0.6384,0.424166667,98.54666667,0.6384,0.00270788,0.62912192
1082,0.6763,0.43,98.545,0.6763,0.00290809,0.666459835
1083,0.7142,0.438571429,98.53178572,0.7142,0.003132277,0.703714014
1084,0.7521,0.447142857,98.51857143,0.7521,0.003362961,0.740958176
1085,0.79,0.454404762,98.49845238,0.79,0.003589798,0.778137774
1086,0.8714,0.461666667,98.47833333,0.8714,0.004022963,0.858140197
1087,0.9528,0.465,98.46916667,0.9528,0.00443052,0.93821422
1088,1.0342,0.468333333,98.46,1.0342,0.004843503,1.01827332
1089,1.1156,0.470833333,98.45833334,1.1156,0.005252617,1.098401167
1090,1.197,0.473333333,98.45666667,1.197,0.0056658,1.1785263
1091,1.2784,0.475952381,98.46119048,1.2784,0.006084575,1.258727859
1092,1.3598,0.478571429,98.46571429,1.3598,0.006507614,1.338936783
1093,1.4412,0.480119048,98.47285715,1.4412,0.006919476,1.419190817
1094,1.5226,0.481666667,98.48,1.5226,0.007333857,1.49945648
1095,1.604,0.483333334,98.49416667,1.604,0.007752667,1.579846433
1096,1.5682,0.485,98.50833333,1.5682,0.00760577,1.544807683
1097,1.5324,0.4875,98.51833333,1.5324,0.00747045,1.50969494
1098,1.4966,0.49,98.52833333,1.4966,0.00733334,1.474575037
1099,1.4608,0.495,98.53988095,1.4608,0.00723096,1.439470581
1100,1.425,0.5,98.55142857,1.425,0.007125,1.404357857
1101,1.3758,0.505,98.56571429,1.3758,0.00694779,1.356067097
1102,1.3266,0.51,98.58,1.3266,0.00676566,1.30776228
1103,1.2774,0.514166667,98.5925,1.2774,0.006567965,1.259420595
1104,1.2282,0.518333333,98.605,1.2282,0.00636617,1.21106661
1105,1.179,0.5225,98.6125,1.179,0.006160275,1.162641375
1106,1.138,0.526666667,98.62,1.138,0.005993467,1.1222956
1107,1.097,0.531904762,98.62714286,1.097,0.005834995,1.081939757
1108,1.056,0.537142857,98.63428571,1.056,0.005672229,1.041578057
1109,1.015,0.543571429,98.63880952,1.015,0.00551725,1.001183917
1110,0.974,0.55,98.64333333,0.974,0.005357,0.960786067
1111,0.933,0.554166667,98.6425,0.933,0.005170375,0.920334525
1112,0.892,0.558333333,98.64166667,0.892,0.004980333,0.879883667
1113,0.851,0.5625,98.63166667,0.851,0.004786875,0.839355483
1114,0.81,0.566666667,98.62166667,0.81,0.00459,0.7988355
1115,0.769,0.570833334,98.61083334,0.769,0.004389708,0.758317308
1116,0.728,0.575,98.6,0.728,0.004186,0.717808
1117,0.687,0.585,98.58666667,0.687,0.00401895,0.6772904
1118,0.646,0.595,98.57333333,0.646,0.0038437,0.636783733
1119,0.605,0.6,98.5675,0.605,0.00363,0.596333375
1120,0.564,0.605,98.56166667,0.564,0.0034122,0.5558878
1121,0.5561,0.61,98.55416667,0.5561,0.00339221,0.548059721
1122,0.5482,0.615,98.54666667,0.5482,0.00337143,0.540232827
1123,0.5403,0.62,98.54333334,0.5403,0.00334986,0.53242963
1124,0.5324,0.625,98.54,0.5324,0.0033275,0.52462696
1125,0.5245,0.631785715,98.53071429,0.5245,0.003313716,0.516793596
1126,0.527,0.638571429,98.52142857,0.527,0.003365271,0.519207929
1127,0.5295,0.645952381,98.50904762,0.5295,0.003420318,0.521605407
1128,0.532,0.653333333,98.49666667,0.532,0.003475733,0.524002267
1129,0.5345,0.6575,98.48666667,0.5345,0.003514338,0.526411233
1130,0.537,0.661666667,98.47666667,0.537,0.00355315,0.5288197
1131,0.5394,0.666666667,98.4725,0.5394,0.003596,0.531160665
1132,0.5418,0.671666667,98.46833333,0.5418,0.00363909,0.53350143
1133,0.5442,0.680119048,98.46702381,0.5442,0.003701208,0.535857544
1134,0.5466,0.688571429,98.46571429,0.5466,0.003763731,0.538213594
1135,0.549,0.697619048,98.46119048,0.549,0.003829929,0.540551936
1136,0.5515,0.706666667,98.45666667,0.5515,0.003897267,0.542988517
1137,0.554,0.7125,98.45083334,0.554,0.00394725,0.545417617
1138,0.5565,0.718333333,98.445,0.5565,0.003997525,0.547846425
1139,0.559,0.725,98.4375,0.559,0.00405275,0.550265625
1140,0.5615,0.731666667,98.43,0.5615,0.004108308,0.55268445
1141,0.5598,0.740119048,98.40857143,0.5598,0.004143186,0.550891183
1142,0.5581,0.748571429,98.38714286,0.5581,0.004177777,0.549098644
1143,0.5564,0.756785715,98.35940477,0.5564,0.004210756,0.547271728
1144,0.5547,0.765,98.33166667,0.5547,0.004243455,0.545445755
1145,0.553,0.769166667,98.31416667,0.553,0.004253492,0.543677342
1146,0.5468,0.773333333,98.29666667,0.5468,0.004228587,0.537486173
1147,0.5406,0.7775,98.28583334,0.5406,0.004203165,0.531333215
1148,0.5344,0.781666667,98.275,0.5344,0.004177227,0.5251816
1149,0.5282,0.785833334,98.26678572,0.5282,0.004150772,0.519045162
1150,0.522,0.79,98.25857143,0.522,0.0041238,0.512909743
1151,0.5158,0.793333334,98.25261905,0.5158,0.004092013,0.506787009
1152,0.5096,0.796666667,98.24666667,0.5096,0.004059813,0.500665013
1153,0.5034,0.7975,98.24916667,0.5034,0.004014615,0.494586305
1154,0.4972,0.798333333,98.25166667,0.4972,0.003969313,0.488507287
1155,0.491,0.799166667,98.25666667,0.491,0.003923908,0.482440233
1156,0.4848,0.8,98.26166667,0.4848,0.0038784,0.47637256
1157,0.4786,0.801428572,98.27297619,0.4786,0.003835637,0.470334464
1158,0.4724,0.802857143,98.28428571,0.4724,0.003792697,0.464294966
1159,0.4662,0.804761905,98.30214286,0.4662,0.0037518,0.45828459
1160,0.46,0.806666667,98.32,0.46,0.003710667,0.452272
1161,0.4645,0.808333334,98.33833334,0.4645,0.003754708,0.456781558
1162,0.469,0.81,98.35666667,0.469,0.0037989,0.461292767
1163,0.4735,0.8125,98.37333334,0.4735,0.003847188,0.465797733
1164,0.478,0.815,98.39,0.478,0.0038957,0.4703042
1165,0.4825,0.820357143,98.38785715,0.4825,0.003958223,0.474721411
1166,0.525,0.825714286,98.38571429,0.525,0.004335,0.516525
1167,0.5675,0.831190477,98.38119048,0.5675,0.004717006,0.558313256
1168,0.61,0.836666667,98.37666667,0.61,0.005103667,0.600097667
1169,0.6525,0.840833334,98.3525,0.6525,0.005486438,0.641750063
1170,0.695,0.845,98.32833333,0.695,0.00587275,0.683381917
1171,0.7375,0.85,98.295,0.7375,0.00626875,0.724925625
1172,0.78,0.855,98.26166667,0.78,0.006669,0.766441
1173,0.8225,0.863214286,98.21511905,0.8225,0.007099937,0.807819354
1174,0.865,0.871428571,98.16857143,0.865,0.007537857,0.849158143
1175,0.9075,0.879047619,98.13095238,0.9075,0.007977357,0.890538393
1176,0.9501,0.886666667,98.09333333,0.9501,0.00842422,0.93198476
1177,0.9927,0.8925,98.0725,0.9927,0.008859848,0.973565708
1178,1.0353,0.898333333,98.05166667,1.0353,0.009300445,1.015128905
1179,1.0779,0.904166667,98.03666667,1.0779,0.009746012,1.05673723
1180,1.1205,0.91,98.02166667,1.1205,0.01019655,1.098332775
1181,1.0618,0.919285715,98.00940477,1.0618,0.009760976,1.04066386
1182,1.0031,0.928571429,97.99714286,1.0031,0.0093145,0.98300934
1183,0.9444,0.937619048,97.99107143,0.9444,0.008854874,0.925427679
1184,0.8857,0.946666667,97.985,0.8857,0.008384627,0.867853145
1185,0.827,0.9525,97.97916667,0.827,0.007877175,0.810287708
1186,0.7512,0.958333333,97.97333333,0.7512,0.007199,0.73597568
1187,0.6754,0.9625,97.9675,0.6754,0.006500725,0.661672495
1188,0.5996,0.966666667,97.96166667,0.5996,0.005796133,0.587378153
1189,0.5238,0.971904762,97.95797619,0.5238,0.005090837,0.513103879
1190,0.448,0.977142857,97.95428571,0.448,0.0043776,0.4388352
1191,0.4458,0.981904762,97.95047619,0.4458,0.004377331,0.436663223
1192,0.4436,0.986666667,97.94666667,0.4436,0.004376853,0.434491413
1193,0.4414,0.989166667,97.93833334,0.4414,0.004366182,0.432299803
1194,0.4392,0.991666667,97.93,0.4392,0.0043554,0.43010856
1195,0.437,0.995,97.92166667,0.437,0.00434815,0.427917683
1196,0.4348,0.998333333,97.91333333,0.4348,0.004340753,0.425727173
1197,0.4326,1.004880952,97.9002381,0.4326,0.004347115,0.42351643
1198,0.4304,1.011428571,97.88714286,0.4304,0.004353189,0.421306263
1199,0.4282,1.017380952,97.87107143,0.4282,0.004356425,0.419083928
1200,0.426,1.023333333,97.855,0.426,0.0043594,0.4168623
1201,0.4238,1.0275,97.84416667,0.4238,0.004354545,0.414663578
1202,0.4216,1.031666667,97.83333333,0.4216,0.004349507,0.412465333
1203,0.4194,1.035,97.82916667,0.4194,0.00434079,0.410295525
1204,0.4172,1.038333333,97.825,0.4172,0.004331927,0.4081259
1205,0.415,1.041666667,97.83,0.415,0.004322917,0.4059945
1206,0.4128,1.045,97.835,0.4128,0.00431376,0.40386288
1207,0.4106,1.0525,97.85,0.4106,0.004321565,0.4017721
1208,0.4084,1.06,97.865,0.4084,0.00432904,0.39968066
1209,0.4062,1.064166667,97.87166667,0.4062,0.004322645,0.39755471
1210,0.404,1.068333333,97.87833333,0.404,0.004316067,0.395428467
1211,0.4018,1.071666667,97.87916667,0.4018,0.004305957,0.393278492
1212,0.3996,1.075,97.88,0.3996,0.0042957,0.39112848
1213,0.3974,1.078333334,97.88,0.3974,0.004285297,0.38897512
1214,0.3952,1.081666667,97.88,0.3952,0.004274747,0.38682176
1215,0.393,1.083690477,97.87,0.393,0.004258904,0.3846291
1216,0.391,1.085714286,97.86,0.391,0.004245143,0.3826326
1217,0.389,1.086190477,97.84833334,0.389,0.004225281,0.380630017
1218,0.387,1.086666667,97.83666667,0.387,0.0042054,0.3786279
1219,0.385,1.085833334,97.8325,0.385,0.004180458,0.376655125
1220,0.383,1.085,97.82833333,0.383,0.00415555,0.374682517
1221,0.383,1.085,97.82666667,0.383,0.00415555,0.374676133
1222,0.383,1.085,97.825,0.383,0.00415555,0.37466975
1223,0.383,1.085357143,97.81035715,0.383,0.004156918,0.374613668
1224,0.383,1.085714286,97.79571429,0.383,0.004158286,0.374557586
1225,0.383,1.086190477,97.78202381,0.383,0.00416011,0.374505151
1226,0.383,1.086666667,97.76833333,0.383,0.004161933,0.374452717
1227,0.383,1.0875,97.7525,0.383,0.004165125,0.374392075
1228,0.383,1.088333333,97.73666667,0.383,0.004168317,0.374331433
1229,0.383,1.089166667,97.72083334,0.383,0.004171508,0.374270792
1230,0.383,1.09,97.705,0.383,0.0041747,0.37421015
1231,0.383,1.091428572,97.67107143,0.383,0.004180171,0.374080204
1232,0.383,1.092857143,97.63714286,0.383,0.004185643,0.373950257
1233,0.383,1.093928572,97.60940477,0.383,0.004189746,0.37384402
1234,0.383,1.095,97.58166667,0.383,0.00419385,0.373737783
1235,0.383,1.095833334,97.565,0.383,0.004197042,0.37367395
1236,0.383,1.096666667,97.54833333,0.383,0.004200233,0.373610117
1237,0.383,1.0975,97.5325,0.383,0.004203425,0.373549475
1238,0.383,1.098333333,97.51666667,0.383,0.004206617,0.373488833
1239,0.383,1.099166667,97.49761905,0.383,0.004209808,0.373415881
1240,0.383,1.1,97.47857143,0.383,0.004213,0.373342929
1241,0.383,1.1,97.46511905,0.383,0.004213,0.373291406
1242,0.383,1.1,97.45166667,0.383,0.004213,0.373239883
1243,0.383,1.1,97.43833334,0.383,0.004213,0.373188817
1244,0.383,1.1,97.425,0.383,0.004213,0.37313775
1245,0.383,1.1,97.4125,0.383,0.004213,0.373089875
1246,0.383,1.1,97.4,0.383,0.004213,0.373042
1247,0.383,1.1,97.40071429,0.383,0.004213,0.373044736
1248,0.383,1.1,97.40142857,0.383,0.004213,0.373047471
1249,0.383,1.100833334,97.39738095,0.383,0.004216192,0.373031969
1250,0.383,1.101666667,97.39333333,0.383,0.004219383,0.373016467
1251,0.383,1.1025,97.3925,0.383,0.004222575,0.373013275
1252,0.383,1.103333333,97.39166667,0.383,0.004225767,0.373010083
1253,0.383,1.104166667,97.39166667,0.383,0.004228958,0.373010083
1254,0.383,1.105,97.39166667,0.383,0.00423215,0.373010083
1255,0.383,1.1075,97.37797619,0.383,0.004241725,0.372957649
1256,0.3933,1.11,97.36428571,0.3933,0.00436563,0.382933736
1257,0.4036,1.1125,97.34130952,0.4036,0.00449005,0.392869525
1258,0.4139,1.115,97.31833333,0.4139,0.004614985,0.402800582
1259,0.4242,1.115833334,97.30416667,0.4242,0.004733365,0.412764275
1260,0.4345,1.116666667,97.29,0.4345,0.004851917,0.42272505
1261,0.4585,1.1175,97.2775,0.4585,0.005123738,0.446017338
1262,0.4825,1.118333333,97.265,0.4825,0.005395958,0.469303625
1263,0.5065,1.119166667,97.24107143,0.5065,0.005668579,0.492526027
1264,0.5305,1.12,97.21714286,0.5305,0.0059416,0.515736943
1265,0.5545,1.119166667,97.19190477,0.5545,0.006205779,0.538929112
1266,0.5784,1.118333333,97.16666667,0.5784,0.00646844,0.562012
1267,0.6023,1.1175,97.14666667,0.6023,0.006730703,0.585114373
1268,0.6262,1.116666667,97.12666667,0.6262,0.006992567,0.608207187
1269,0.6501,1.115,97.09916667,0.6501,0.007248615,0.631241683
1270,0.674,1.113333333,97.07166667,0.674,0.007503867,0.654263033
1271,0.6973,1.108809524,97.04440477,0.6973,0.007731729,0.676690634
1272,0.7206,1.104285714,97.01714286,0.7206,0.007957483,0.699105531
1273,0.7439,1.098809524,96.99607143,0.7439,0.008174044,0.721553775
1274,0.7672,1.093333333,96.975,0.7672,0.008388053,0.7439922
1275,0.7905,1.09,96.97083334,0.7905,0.00861645,0.766554438
1276,0.7588,1.086666667,96.96666667,0.7588,0.008245627,0.735783067
1277,0.7271,1.0825,96.96,0.7271,0.007870858,0.70499616
1278,0.6954,1.078333333,96.95333333,0.6954,0.00749873,0.67421348
1279,0.6637,1.07202381,96.94880952,0.6637,0.007115022,0.643449249
1280,0.632,1.065714286,96.94428571,0.632,0.006735314,0.612687886
1281,0.6003,1.060357143,96.94130952,0.6003,0.006365324,0.581938681
1282,0.5686,1.055,96.93833333,0.5686,0.00599873,0.551191363
1283,0.5369,1.051666667,96.93083333,0.5369,0.005646398,0.520421644
1284,0.5052,1.048333333,96.92333333,0.5052,0.00529618,0.48965668
1285,0.4735,1.045,96.91916667,0.4735,0.004948075,0.458912254
1286,0.4418,1.041666667,96.915,0.4418,0.004602083,0.42817047
1287,0.4101,1.038690477,96.92035715,0.4101,0.00425967,0.397470385
1288,0.3784,1.035714286,96.92571429,0.3784,0.003919143,0.366766903
1289,0.3467,1.032857143,96.92285715,0.3467,0.003580916,0.336031546
1290,0.315,1.03,96.92,0.315,0.0032445,0.305298
1291,0.3054,1.028333334,96.90916667,0.3054,0.00314053,0.295960595
1292,0.2958,1.026666667,96.89833333,0.2958,0.00303688,0.28662527
1293,0.2862,1.025476191,96.88059524,0.2862,0.002934913,0.277272264
1294,0.2766,1.024285714,96.86285714,0.2766,0.002833174,0.267922663
1295,0.267,1.023571429,96.85428572,0.267,0.002732936,0.258600943
1296,0.2724,1.022857143,96.84571429,0.2724,0.002786263,0.263807726
1297,0.2778,1.021428572,96.82119048,0.2778,0.002837529,0.268969267
1298,0.2832,1.02,96.79666667,0.2832,0.00288864,0.27412816
1299,0.2886,1.019166667,96.79166667,0.2886,0.002941315,0.27934075
1300,0.294,1.018333333,96.78666667,0.294,0.0029939,0.2845528
1301,0.2994,1.01702381,96.78904762,0.2994,0.003044969,0.289786409
1302,0.3048,1.015714286,96.79142857,0.3048,0.003095897,0.295020274
1303,0.3102,1.013690477,96.79821429,0.3102,0.003144468,0.300268061
1304,0.3156,1.011666667,96.805,0.3156,0.00319282,0.30551658
1305,0.321,1.01,96.815,0.321,0.0032421,0.31077615
1306,0.3295,1.008333333,96.825,0.3295,0.003322458,0.319038375
1307,0.338,1.006666667,96.84166667,0.338,0.003402533,0.327324833
1308,0.3465,1.005,96.85833333,0.3465,0.003482325,0.335614125
1309,0.355,1.0025,96.87988095,0.355,0.003558875,0.343923577
1310,0.3635,1,96.90142857,0.3635,0.003635,0.352236693
1311,0.3859,0.996666667,96.92404762,0.3859,0.003846137,0.3740299
1312,0.4083,0.993333333,96.94666667,0.4083,0.00405578,0.39583324
1313,0.4307,0.990833333,96.95916667,0.4307,0.004267519,0.417603131
1314,0.4531,0.988333333,96.97166667,0.4531,0.004478138,0.439378622
1315,0.4755,0.985,96.97333334,0.4755,0.004683675,0.4611082
1316,0.4979,0.981666667,96.975,0.4979,0.004887718,0.482838525
1317,0.5203,0.975119048,96.9575,0.5203,0.005073544,0.504469873
1318,0.5427,0.968571429,96.94,0.5427,0.005256437,0.52609338
1319,0.5651,0.961785715,96.92666667,0.5651,0.005435051,0.547732593
1320,0.5875,0.955,96.91333333,0.5875,0.005610625,0.569365833
1321,0.61,0.95,96.89333333,0.61,0.005795,0.591049333
1322,0.6325,0.945,96.87333333,0.6325,0.005977125,0.612723833
1323,0.655,0.94,96.84333333,0.655,0.006157,0.634323833
1324,0.6775,0.935,96.81333333,0.6775,0.006334625,0.655910333
1325,0.7,0.928214286,96.75809524,0.7,0.0064975,0.677306667
1326,0.6958,0.921428571,96.70285714,0.6958,0.0064113,0.67285848
1327,0.6916,0.914880952,96.65392857,0.6916,0.006327317,0.66845857
1328,0.6874,0.908333333,96.605,0.6874,0.006243883,0.66406277
1329,0.6832,0.904166667,96.565,0.6832,0.006177267,0.65973208
1330,0.679,0.9,96.525,0.679,0.006111,0.65540475
1331,0.6667,0.896666667,96.49,0.6667,0.005978077,0.64329883
1332,0.6544,0.893333333,96.455,0.6544,0.005845973,0.63120152
1333,0.6421,0.888809524,96.43178572,0.6421,0.005707046,0.619188496
1334,0.6298,0.884285714,96.40857143,0.6298,0.005569231,0.607181183
1335,0.6175,0.879642857,96.38095238,0.6175,0.005431795,0.595152381
1336,0.6051,0.875,96.35333333,0.6051,0.005294625,0.58303402
1337,0.5927,0.8725,96.3325,0.5927,0.005171308,0.570962728
1338,0.5803,0.87,96.31166667,0.5803,0.00504861,0.558896602
1339,0.5679,0.868333334,96.29083334,0.5679,0.004931265,0.546835643
1340,0.5555,0.866666667,96.27,0.5555,0.004814333,0.53477985
1341,0.5431,0.863333334,96.24928572,0.5431,0.004688763,0.522729871
1342,0.5307,0.86,96.22857143,0.5307,0.00456402,0.510685029
1343,0.5183,0.8575,96.19595238,0.5183,0.004444423,0.498583621
1344,0.5059,0.855,96.16333333,0.5059,0.004325445,0.486490303
1345,0.4935,0.854166667,96.15083333,0.4935,0.004215312,0.474504362
1346,0.4812,0.853333333,96.13833333,0.4812,0.00410624,0.46261766
1347,0.4689,0.8525,96.12666667,0.4689,0.003997373,0.45073794
1348,0.4566,0.851666667,96.115,0.4566,0.00388871,0.43886109
1349,0.4443,0.850833334,96.07535715,0.4443,0.003780253,0.426862812
1350,0.432,0.85,96.03571429,0.432,0.003672,0.414874286
1351,0.4255,0.85,95.98702381,0.4255,0.00361675,0.408424786
1352,0.419,0.85,95.93833333,0.419,0.0035615,0.401981617
1353,0.4125,0.85,95.90166667,0.4125,0.00350625,0.395594375
1354,0.406,0.85,95.865,0.406,0.003451,0.3892119
1355,0.3995,0.85,95.83166667,0.3995,0.00339575,0.382847508
1356,0.3964,0.85,95.79833333,0.3964,0.0033694,0.379744593
1357,0.3933,0.85,95.74559524,0.3933,0.00334305,0.376567426
1358,0.3902,0.85,95.69285714,0.3902,0.0033167,0.373393529
1359,0.3871,0.849166667,95.63976191,0.3871,0.003287124,0.370221518
1360,0.384,0.848333333,95.58666667,0.384,0.0032576,0.3670528
1361,0.3869,0.8475,95.54333334,0.3869,0.003278978,0.369657157
1362,0.3898,0.846666667,95.5,0.3898,0.003300307,0.372259
1363,0.3927,0.845833334,95.435,0.3927,0.003321588,0.374773245
1364,0.3956,0.845,95.37,0.3956,0.00334282,0.37728372
1365,0.3985,0.843214286,95.19428572,0.3985,0.003360209,0.379349229
1366,0.4737,0.841428571,95.01857143,0.4737,0.003985847,0.450102973
1367,0.5489,0.839047619,94.80678572,0.5489,0.004605532,0.520394447
1368,0.6241,0.836666667,94.595,0.6241,0.005221637,0.590367395
1369,0.6993,0.835,94.39583334,0.6993,0.005839155,0.660110063
1370,0.7745,0.833333333,94.19666667,0.7745,0.006454167,0.729553183
1371,0.8298,0.830238095,93.82119048,0.8298,0.006889316,0.778528239
1372,0.8851,0.827142857,93.44571429,0.8851,0.007321041,0.827088017
1373,0.9404,0.824285714,93.18428572,0.9404,0.007751583,0.876305023
1374,0.9957,0.821428571,92.92285714,0.9957,0.008178964,0.925232889
1375,1.051,0.816547619,92.51392857,1.051,0.008581915,0.972321389
1376,1.0726,0.811666667,92.105,1.0726,0.008705937,0.98791823
1377,1.0942,0.806666667,91.8425,1.0942,0.008826547,1.004940635
1378,1.1158,0.801666667,91.58,1.1158,0.008944997,1.02184964
1379,1.1374,0.789404762,91.26071429,1.1374,0.00897869,1.037999364
1380,1.159,0.777142857,90.94142857,1.159,0.009007086,1.054011157
1381,1.091,0.761071429,90.68321429,1.091,0.008303289,0.989353868
1382,1.023,0.745,90.425,1.023,0.00762135,0.92504775
1383,0.955,0.729166667,90.35166667,0.955,0.006963542,0.862858417
1384,0.887,0.713333333,90.27833333,0.887,0.006327267,0.800768817
1385,0.819,0.693333333,90.27833333,0.819,0.0056784,0.73937955
1386,0.78478,0.673333333,90.27833333,0.78478,0.005284185,0.708486304
1387,0.75056,0.63452381,90.46059524,0.75056,0.004762482,0.678961044
1388,0.71634,0.595714286,90.64285714,0.71634,0.00426734,0.649311043
1389,0.68212,0.553690477,90.90642857,0.68212,0.003776833,0.620090931
1390,0.6479,0.511666667,91.17,0.6479,0.003315088,0.59069043
1391,0.62027,0.480833334,91.43416667,0.62027,0.002982465,0.567138706
1392,0.59264,0.45,91.69833333,0.59264,0.00266688,0.543441003
1393,0.56501,0.418333334,91.98416667,0.56501,0.002363625,0.51971974
1394,0.53738,0.386666667,92.27,0.53738,0.002077869,0.495840526
1395,0.50975,0.340476191,92.72571429,0.50975,0.001735577,0.472669329
1396,0.4942,0.294285714,93.18142857,0.4942,0.00145436,0.46050262
1397,0.47865,0.250476191,93.64571429,0.47865,0.001198904,0.448235211
1398,0.4631,0.206666667,94.11,0.4631,0.000957073,0.43582341
1399,0.44755,0.181666667,94.4,0.44755,0.000813049,0.4224872
1400,0.432,0.156666667,94.69,0.432,0.0006768,0.4090608
1401,0.4289,0.135,94.96083334,0.4289,0.000579015,0.407287014
1402,0.4258,0.113333333,95.23166667,0.4258,0.000482573,0.405496437
1403,0.4227,0.090952381,95.59226191,0.4227,0.000384456,0.404068491
1404,0.4196,0.068571429,95.95285714,0.4196,0.000287726,0.402618189
1405,0.4165,0.050952381,96.27726191,0.4165,0.000212217,0.400994796
1406,0.413,0.033333333,96.60166667,0.413,0.000137667,0.398964883
1407,0.4095,0.026666667,96.76,0.4095,0.0001092,0.3962322
1408,0.406,0.02,96.91833333,0.406,8.12E-05,0.393488433
1409,0.4025,0.014285715,97.10416667,0.4025,5.75E-05,0.390844271
1410,0.399,0.008571429,97.29,0.399,3.42E-05,0.3881871
1411,0.3952,0.005714286,97.39857143,0.3952,2.26E-05,0.384919154
1412,0.3914,0.002857143,97.50714286,0.3914,1.12E-05,0.381642957
1413,0.3876,0,97.63357143,0.3876,0,0.378427723
1414,0.3838,0,97.76,0.3838,0,0.37520288
1415,0.38,0,97.82583334,0.38,0,0.371738167
1416,0.3761,0,97.89166667,0.3761,0,0.368170558
1417,0.3722,0,97.97297619,0.3722,0,0.364655417
1418,0.3683,0,98.05428571,0.3683,0,0.361133934
1419,0.3644,0,98.12130952,0.3644,0,0.357554052
1420,0.3605,0,98.18833333,0.3605,0,0.353968942
1421,0.3596,0,98.22083333,0.3596,0,0.353202117
1422,0.3587,0,98.25333333,0.3587,0,0.352434707
1423,0.3578,0,98.285,0.3578,0,0.35166373
1424,0.3569,0,98.31666667,0.3569,0,0.350892183
1425,0.356,0,98.36047619,0.356,0,0.350163295
1426,0.3768,0,98.40428571,0.3768,0,0.370787349
1427,0.3976,0,98.44714286,0.3976,0,0.39142584
1428,0.4184,0,98.49,0.4184,0,0.41208216
1429,0.4392,0,98.525,0.4392,0,0.4327218
1430,0.46,0,98.56,0.46,0,0.453376
1431,0.4809,0,98.6,0.4809,0,0.4741674
1432,0.5018,0,98.64,0.5018,0,0.49497552
1433,0.5227,0,98.705,0.5227,0,0.515931035
1434,0.5436,0,98.77,0.5436,0,0.53691372
1435,0.5645,0,98.84333334,0.5645,0,0.557970617
1436,0.5854,0,98.91666667,0.5854,0,0.579058167
1437,0.6063,0,98.97,0.6063,0,0.60005511
1438,0.6272,0,99.02333333,0.6272,0,0.621074347
1439,0.6481,0,99.09380952,0.6481,0,0.642226979
1440,0.669,0,99.16428571,0.669,0,0.663409071
1441,0.6611,0,99.20785714,0.6611,0,0.655863144
1442,0.6532,0,99.25142857,0.6532,0,0.648310331
1443,0.6453,0,99.31238095,0.6453,0,0.640862794
1444,0.6374,0,99.37333333,0.6374,0,0.633405627
1445,0.6295,0,99.4,0.6295,0,0.625723
1446,0.6094,0,99.42666667,0.6094,0,0.605906107
1447,0.5893,0,99.43976191,0.5893,0,0.585998517
1448,0.5692,0,99.45285714,0.5692,0,0.566085663
1449,0.5491,0,99.45809524,0.5491,0,0.546124401
1450,0.529,0,99.46333333,0.529,0,0.526161033
1451,0.5104,0,99.45166667,0.5104,0,0.507601307
1452,0.4918,0,99.44,0.4918,0,0.48904592
1453,0.4732,0,99.43,0.4732,0,0.47050276
1454,0.4546,0,99.42,0.4546,0,0.45196332
1455,0.436,0,99.41285715,0.436,0,0.433440057
1456,0.4221,0,99.40571429,0.4221,0,0.41959152
1457,0.4082,0,99.40285715,0.4082,0,0.405762463
1458,0.3943,0,99.4,0.3943,0,0.3919342
1459,0.3804,0,99.40666667,0.3804,0,0.37814296
1460,0.3665,0,99.41333333,0.3665,0,0.364349867
1461,0.3643,0,99.42583333,0.3643,0,0.362208311
1462,0.3621,0,99.43833333,0.3621,0,0.360066205
1463,0.3599,0,99.44559524,0.3599,0,0.357904697
1464,0.3577,0,99.45285714,0.3577,0,0.35574287
1465,0.3555,0,99.45892857,0.3555,0,0.353576491
1466,0.3533,0,99.465,0.3533,0,0.351409845
1467,0.3511,0,99.47083334,0.3511,0,0.349242096
1468,0.3489,0,99.47666667,0.3489,0,0.34707409
1469,0.3467,0,99.48619048,0.3467,0,0.344918622
1470,0.3445,0,99.49571429,0.3445,0,0.342762736
1471,0.3423,0,99.50142858,0.3423,0,0.34059339
1472,0.3401,0,99.50714286,0.3401,0,0.338423793
1473,0.3379,0,99.52357143,0.3379,0,0.336290148
1474,0.3357,0,99.54,0.3357,0,0.33415578
1475,0.3335,0,99.5575,0.3335,0,0.332024263
1476,0.3313,0,99.575,0.3313,0,0.329891975
1477,0.3291,0,99.58964286,0.3291,0,0.327749515
1478,0.3269,0,99.60428571,0.3269,0,0.32560641
1479,0.3247,0,99.62130952,0.3247,0,0.323470392
1480,0.3225,0,99.63833333,0.3225,0,0.321333625
1481,0.3203,0,99.6475,0.3203,0,0.319170943
1482,0.3181,0,99.65666667,0.3181,0,0.317007857
1483,0.3159,0,99.66833334,0.3159,0,0.314852265
1484,0.3137,0,99.68,0.3137,0,0.31269616
1485,0.3115,0,99.69214286,0.3115,0,0.310541025
1486,0.3123,0,99.70428571,0.3123,0,0.311376484
1487,0.3131,0,99.71797619,0.3131,0,0.312216983
1488,0.3139,0,99.73166667,0.3139,0,0.313057702
1489,0.3147,0,99.73083334,0.3147,0,0.313852933
1490,0.3155,0,99.73,0.3155,0,0.31464815
1491,0.3233,0,99.70785715,0.3233,0,0.322355502
1492,0.3311,0,99.68571429,0.3311,0,0.3300594
1493,0.3389,0,99.66214286,0.3389,0,0.337755002
1494,0.3467,0,99.63857143,0.3467,0,0.345446927
1495,0.3545,0,99.60261905,0.3545,0,0.353091285
1496,0.3622,0,99.56666667,0.3622,0,0.360630467
1497,0.3699,0,99.54666667,0.3699,0,0.36822312
1498,0.3776,0,99.52666667,0.3776,0,0.375812693
1499,0.3853,0,99.51047619,0.3853,0,0.383413865
1500,0.393,0,99.49428571,0.393,0,0.391012543
1501,0.4007,0,99.48547619,0.4007,0,0.398638303
1502,0.4084,0,99.47666667,0.4084,0,0.406262707
1503,0.4161,0,99.48916667,0.4161,0,0.413974423
1504,0.4238,0,99.50166667,0.4238,0,0.421688063
1505,0.4315,0,99.51940477,0.4315,0,0.429426232
1506,0.4255,0,99.53714286,0.4255,0,0.423530543
1507,0.4195,0,99.54928572,0.4195,0,0.417609254
1508,0.4135,0,99.56142857,0.4135,0,0.411686507
1509,0.4075,0,99.59321429,0.4075,0,0.405842348
1510,0.4015,0,99.625,0.4015,0,0.399994375
1511,0.3938,0,99.65333334,0.3938,0,0.392434827
1512,0.3861,0,99.68166667,0.3861,0,0.384870915
1513,0.3784,0,99.71654762,0.3784,0,0.377327416
1514,0.3707,0,99.75142857,0.3707,0,0.369778546
1515,0.363,0,99.78404762,0.363,0,0.362216093
1516,0.3552,0,99.81666667,0.3552,0,0.3545488
1517,0.3474,0,99.8275,0.3474,0,0.346800735
1518,0.3396,0,99.83833333,0.3396,0,0.33905098
1519,0.3318,0,99.83583333,0.3318,0,0.331255295
1520,0.324,0,99.83333333,0.324,0,0.32346
1521,0.3195,0,99.8252381,0.3195,0,0.318941636
1522,0.315,0,99.81714286,0.315,0,0.314424
1523,0.3105,0,99.80357143,0.3105,0,0.309890089
1524,0.306,0,99.79,0.306,0,0.3053574
1525,0.3015,0,99.78916667,0.3015,0,0.300864337
1526,0.3004,0,99.78833333,0.3004,0,0.299764153
1527,0.2993,0,99.79488095,0.2993,0,0.298686079
1528,0.2982,0,99.80142857,0.2982,0,0.29760786
1529,0.2971,0,99.80285714,0.2971,0,0.296514289
1530,0.296,0,99.80428571,0.296,0,0.295420686
1531,0.295,0,99.80214286,0.295,0,0.294416321
1532,0.294,0,99.8,0.294,0,0.293412
1533,0.293,0,99.8,0.293,0,0.292414
1534,0.292,0,99.8,0.292,0,0.291416
1535,0.291,0,99.78571429,0.291,0,0.290376429
1536,0.29,0,99.77142857,0.29,0,0.289337143
1537,0.289,0,99.74654762,0.289,0,0.288267523
1538,0.288,0,99.72166667,0.288,0,0.2871984
1539,0.287,0,99.70416667,0.287,0,0.286150958
1540,0.286,0,99.68666667,0.286,0,0.285103867
1541,0.2849,0,99.66190477,0.2849,0,0.283936767
1542,0.2838,0,99.63714286,0.2838,0,0.282770211
1543,0.2827,0,99.62071429,0.2827,0,0.281627759
1544,0.2816,0,99.60428571,0.2816,0,0.280485669
1545,0.2805,0,99.57464286,0.2805,0,0.279306873
1546,0.2837,0,99.545,0.2837,0,0.282409165
1547,0.2869,0,99.53416667,0.2869,0,0.285563524
1548,0.2901,0,99.52333333,0.2901,0,0.28871719
1549,0.2933,0,99.53095238,0.2933,0,0.291924283
1550,0.2965,0,99.53857143,0.2965,0,0.295131864
1551,0.3073,0,99.55261905,0.3073,0,0.305925198
1552,0.3181,0,99.56666667,0.3181,0,0.316721567
1553,0.3289,0,99.5875,0.3289,0,0.327543288
1554,0.3397,0,99.60833333,0.3397,0,0.338369508
1555,0.3505,0,99.64916667,0.3505,0,0.349270329
1556,0.3613,0,99.69,0.3613,0,0.36017997
1557,0.3721,0,99.71214286,0.3721,0,0.371028884
1558,0.3829,0,99.73428571,0.3829,0,0.38188258
1559,0.3937,0,99.75797619,0.3937,0,0.392747152
1560,0.4045,0,99.78166667,0.4045,0,0.403616842
1561,0.4153,0,99.78083334,0.4153,0,0.414389801
1562,0.4261,0,99.78,0.4261,0,0.42516258
1563,0.4369,0,99.77214286,0.4369,0,0.435904492
1564,0.4477,0,99.76428571,0.4477,0,0.446644707
1565,0.4585,0,99.74880952,0.4585,0,0.457348292
1566,0.4487,0,99.73333333,0.4487,0,0.447503467
1567,0.4389,0,99.72333333,0.4389,0,0.43768571
1568,0.4291,0,99.71333333,0.4291,0,0.427869913
1569,0.4193,0,99.71666667,0.4193,0,0.418111983
1570,0.4095,0,99.72,0.4095,0,0.4083534
1571,0.3981,0,99.73142857,0.3981,0,0.397030817
1572,0.3867,0,99.74285714,0.3867,0,0.385705629
1573,0.3753,0,99.76226191,0.3753,0,0.374407769
1574,0.3639,0,99.78166667,0.3639,0,0.363105485
1575,0.3525,0,99.80583334,0.3525,0,0.351815563
1576,0.3446,0,99.83,0.3446,0,0.34401418
1577,0.3367,0.000714286,99.865,0.3367,2.40E-06,0.336245455
1578,0.3288,0.001428571,99.9,0.3288,4.70E-06,0.3284712
1579,0.3209,0.001547619,99.93583334,0.3209,4.97E-06,0.320694089
1580,0.313,0.001666667,99.97166667,0.313,5.22E-06,0.312911317
1581,0.3108,0.0025,99.98166667,0.3108,7.77E-06,0.31074302
1582,0.3086,0.003333333,99.99166667,0.3086,1.03E-05,0.308574283
1583,0.3064,0.003095238,99.98511905,0.3064,9.48E-06,0.306354405
1584,0.3042,0.002857143,99.97857143,0.3042,8.69E-06,0.304134814
1585,0.302,0.002857143,99.965,0.302,8.63E-06,0.3018943
1586,0.2998,0.002857143,99.95142857,0.2998,8.57E-06,0.299654383
1587,0.2976,0.002261905,99.91571429,0.2976,6.73E-06,0.297349166
1588,0.2954,0.001666667,99.88,0.2954,4.92E-06,0.29504552
1589,0.2932,0.001666667,99.8325,0.2932,4.89E-06,0.29270889
1590,0.291,0.001666667,99.785,0.291,4.85E-06,0.29037435
1591,0.2888,0.001547619,99.70321429,0.2888,4.47E-06,0.287942883
1592,0.2866,0.001428571,99.62142857,0.2866,4.09E-06,0.285515014
1593,0.2844,0.001547619,99.54071429,0.2844,4.40E-06,0.283093791
1594,0.2822,0.001666667,99.46,0.2822,4.70E-06,0.28067612
1595,0.28,0.001666667,99.41333334,0.28,4.67E-06,0.278357333
1596,0.2777,0.001666667,99.36666667,0.2777,4.63E-06,0.275941233
1597,0.2754,0.002261905,99.33333334,0.2754,6.23E-06,0.273564
1598,0.2731,0.002857143,99.3,0.2731,7.80E-06,0.2711883
1599,0.2708,0.003571429,99.28714286,0.2708,9.67E-06,0.268869583
1600,0.2685,0.004285714,99.27428571,0.2685,1.15E-05,0.266551457
1601,0.2663,0.003809524,99.27880952,0.2663,1.01E-05,0.26437947
1602,0.2641,0.003333333,99.28333333,0.2641,8.80E-06,0.262207283
1603,0.2619,0.004166667,99.29916667,0.2619,1.09E-05,0.260064517
1604,0.2597,0.005,99.315,0.2597,1.30E-05,0.257921055
1605,0.2575,0.006071429,99.35035715,0.2575,1.56E-05,0.25582717
1606,0.2586,0.007142857,99.38571429,0.2586,1.85E-05,0.257011457
1607,0.2597,0.006904762,99.42702381,0.2597,1.79E-05,0.258211981
1608,0.2608,0.006666667,99.46833333,0.2608,1.74E-05,0.259413413
1609,0.2619,0.005833334,99.50916667,0.2619,1.53E-05,0.260614507
1610,0.263,0.005,99.55,0.263,1.32E-05,0.2618165
1611,0.2692,0.004642857,99.605,0.2692,1.25E-05,0.26813666
1612,0.2754,0.004285714,99.66,0.2754,1.18E-05,0.27446364
1613,0.2816,0.003571429,99.68071429,0.2816,1.01E-05,0.280700891
1614,0.2878,0.002857143,99.70142857,0.2878,8.22E-06,0.286940711
1615,0.294,0.002261905,99.73071429,0.294,6.65E-06,0.2932083
1616,0.2948,0.001666667,99.76,0.2948,4.91E-06,0.29409248
1617,0.2956,0.0025,99.75916667,0.2956,7.39E-06,0.294888097
1618,0.2964,0.003333333,99.75833333,0.2964,9.88E-06,0.2956837
1619,0.2972,0.00452381,99.71202381,0.2972,1.34E-05,0.296344135
1620,0.298,0.005714286,99.66571429,0.298,1.70E-05,0.297003829
1621,0.2963,0.00702381,99.60619048,0.2963,2.08E-05,0.295133142
1622,0.2946,0.008333333,99.54666667,0.2946,2.45E-05,0.29326448
1623,0.2929,0.009166667,99.51833334,0.2929,2.68E-05,0.291489198
1624,0.2912,0.01,99.49,0.2912,2.91E-05,0.28971488
1625,0.2895,0.01,99.45285715,0.2895,2.90E-05,0.287916021
1626,0.2877,0.01,99.41571429,0.2877,2.88E-05,0.28601901
1627,0.2859,0.01,99.38714286,0.2859,2.86E-05,0.284147841
1628,0.2841,0.01,99.35857143,0.2841,2.84E-05,0.282277701
1629,0.2823,0.01,99.32928572,0.2823,2.82E-05,0.280406574
1630,0.2805,0.01,99.3,0.2805,2.81E-05,0.2785365
1631,0.2788,0.01,99.29142857,0.2788,2.79E-05,0.276824503
1632,0.2771,0.01,99.28285714,0.2771,2.77E-05,0.275112797
1633,0.2754,0.01,99.27928572,0.2754,2.75E-05,0.273415153
1634,0.2737,0.01,99.27571429,0.2737,2.74E-05,0.27171763
1635,0.272,0.009166667,99.27785715,0.272,2.49E-05,0.270035771
1636,0.2703,0.008333333,99.28,0.2703,2.25E-05,0.26835384
1637,0.2686,0.008333333,99.30083334,0.2686,2.24E-05,0.266722038
1638,0.2669,0.008333333,99.32166667,0.2669,2.22E-05,0.265089528
1639,0.2652,0.008452381,99.37011905,0.2652,2.24E-05,0.263529556
1640,0.2635,0.008571429,99.41857143,0.2635,2.26E-05,0.261967936
1641,0.2618,0.008452381,99.44928572,0.2618,2.21E-05,0.26035823
1642,0.2601,0.008333333,99.48,0.2601,2.17E-05,0.25874748
1643,0.2584,0.008333333,99.4775,0.2584,2.15E-05,0.25704986
1644,0.2567,0.008333333,99.475,0.2567,2.14E-05,0.255352325
1645,0.255,0.009166667,99.45464286,0.255,2.34E-05,0.253609339
1646,0.2533,0.01,99.43428571,0.2533,2.53E-05,0.251867046
1647,0.2516,0.01,99.42857143,0.2516,2.52E-05,0.250162286
1648,0.2499,0.01,99.42285714,0.2499,2.50E-05,0.24845772
1649,0.2482,0.01,99.40059524,0.2482,2.48E-05,0.246712277
1650,0.2465,0.01,99.37833333,0.2465,2.47E-05,0.244967592
1651,0.2448,0.01,99.38916667,0.2448,2.45E-05,0.24330468
1652,0.2431,0.01,99.4,0.2431,2.43E-05,0.2416414
1653,0.2414,0.009285715,99.41142857,0.2414,2.24E-05,0.239979189
1654,0.2397,0.008571429,99.42285714,0.2397,2.05E-05,0.238316589
1655,0.238,0.008452381,99.43476191,0.238,2.01E-05,0.236654733
1656,0.2375,0.008333333,99.44666667,0.2375,1.98E-05,0.236185833
1657,0.237,0.008333333,99.43916667,0.237,1.97E-05,0.235670825
1658,0.2365,0.008333333,99.43166667,0.2365,1.97E-05,0.235155892
1659,0.236,0.007738095,99.43869048,0.236,1.83E-05,0.23467531
1660,0.2355,0.007142857,99.44571429,0.2355,1.68E-05,0.234194657
1661,0.2351,0.006904762,99.45952381,0.2351,1.62E-05,0.23382934
1662,0.2347,0.006666667,99.47333333,0.2347,1.56E-05,0.233463913
1663,0.2343,0.0075,99.4925,0.2343,1.76E-05,0.233110928
1664,0.2339,0.008333333,99.51166667,0.2339,1.95E-05,0.232757788
1665,0.2335,0.008452381,99.53297619,0.2335,1.97E-05,0.232409499
1666,0.233,0.008571429,99.55428571,0.233,2.00E-05,0.231961486
1667,0.2325,0.009285715,99.55714286,0.2325,2.16E-05,0.231470357
1668,0.232,0.01,99.56,0.232,2.32E-05,0.2309792
1669,0.2315,0.010833334,99.53666667,0.2315,2.51E-05,0.230427383
1670,0.231,0.011666667,99.51333333,0.231,2.70E-05,0.2298758
1671,0.2306,0.012261905,99.4352381,0.2306,2.83E-05,0.229297659
1672,0.2302,0.012857143,99.35714286,0.2302,2.96E-05,0.228720143
1673,0.2298,0.014285715,99.30142858,0.2298,3.28E-05,0.228194683
1674,0.2294,0.015714286,99.24571429,0.2294,3.60E-05,0.227669669
1675,0.229,0.01702381,99.15202381,0.229,3.90E-05,0.227058135
1676,0.2285,0.018333333,99.05833333,0.2285,4.19E-05,0.226348292
1677,0.228,0.019166667,98.99166667,0.228,4.37E-05,0.225701
1678,0.2275,0.02,98.925,0.2275,4.55E-05,0.225054375
1679,0.227,0.022142857,98.79178572,0.227,5.03E-05,0.224257354
1680,0.2265,0.024285714,98.65857143,0.2265,5.50E-05,0.223461664
1681,0.2261,0.025476191,98.50761905,0.2261,5.76E-05,0.222725727
1682,0.2257,0.026666667,98.35666667,0.2257,6.02E-05,0.221990997
1683,0.2253,0.026666667,98.22833334,0.2253,6.01E-05,0.221308435
1684,0.2249,0.026666667,98.1,0.2249,6.00E-05,0.2206269
1685,0.2245,0.026904762,97.91785715,0.2245,6.04E-05,0.219825589
1686,0.2242,0.027142857,97.73571429,0.2242,6.09E-05,0.219123471
1687,0.2239,0.026428572,97.61714286,0.2239,5.92E-05,0.218564783
1688,0.2236,0.025714286,97.49857143,0.2236,5.75E-05,0.218006806
1689,0.2233,0.026190477,97.32595238,0.2233,5.85E-05,0.217328852
1690,0.223,0.026666667,97.15333333,0.223,5.95E-05,0.216651933
1691,0.2228,0.023333334,97.00238095,0.2228,5.20E-05,0.216121305
1692,0.2226,0.02,96.85142857,0.2226,4.45E-05,0.21559128
1693,0.2224,0.017857143,96.75357143,0.2224,3.97E-05,0.215179943
1694,0.2222,0.015714286,96.65571429,0.2222,3.49E-05,0.214768997
1695,0.222,0.01452381,96.50285715,0.222,3.22E-05,0.214236343
1696,0.2217,0.013333333,96.35,0.2217,2.96E-05,0.21360795
1697,0.2214,0.011666667,96.24916667,0.2214,2.58E-05,0.213095655
1698,0.2211,0.01,96.14833333,0.2211,2.21E-05,0.212583965
1699,0.2208,0.008571429,96.00416667,0.2208,1.89E-05,0.2119772
1700,0.2205,0.007142857,95.86,0.2205,1.57E-05,0.2113713
