light,time,RDB01ic,RDB01ec,RDB01io,RDB01eo,RDB02ic,RDB02ec,RDB02io,RDB02eo,RDB03ic,RDB03ec,RDB03io,RDB03eo,RDB04ic,RDB04ec,RDB04io,RDB04eo,RDB05ec,RDB05ic,RDB05eo,RDB05io,RDB06ec,RDB06ic,RDB06eo,RDB06io,RDB07ec,RDB07ic,RDB07eo,RDB07io,RDB08ec,RDB08ic,RDB08eo,RDB08io,RDB09ec,RDB09ic,RDB09eo,RDB09io,RDB10ic,RDB10ec,RDB10io,RDB10eo,RDB11ic,RDB11ec,RDB11io,RDB11eo
off,0,20.8,20.4,23.1,22.8,21.7,21.3,21,20.7,21.4,20.8,21.1,21,21.1,20.7,22.4,21.8,21,21.1,21.1,21.4,21.1,21.2,21.4,21.7,20.8,21.2,21,21,20.3,20.6,20.4,21.2,20.7,21.2,20.2,19.9,21.4,21.8,21,21.3,21.1,20.8,21.2,21.3
off,20,20.7,20.4,23,22.8,21.7,21.3,20.9,20.7,21.3,20.7,21.1,20.9,21.1,20.7,22.4,21.7,20.9,21.1,21.1,21.4,20.9,21.2,21.4,21.6,20.8,21.1,20.8,21,20.3,20.6,20.4,21.2,20.6,21.1,20.2,20.3,21.4,21.7,21,21.3,20.9,21,21.2,21.1
off,40,20.7,20.4,22.9,22.7,21.6,21.2,20.9,20.7,21.3,20.7,21.1,20.9,21.1,20.7,22.3,21.7,20.9,21.1,21.1,21.4,20.9,21.2,21.2,21.6,20.8,21.1,20.8,21,20.3,20.6,20.4,21.2,20.6,20.9,20.2,20.4,21.4,21.4,21,21.3,20.9,20.7,21.1,20.8
off,60,20.7,20.4,22.9,22.6,21.6,21.2,20.9,20.7,21.3,20.7,21.1,20.9,20.9,20.6,22.3,21.7,20.9,21,21.1,21.3,20.9,21.2,21.2,21.4,20.7,20.9,20.7,21,20.3,20.6,20.4,21.2,20.6,20.9,20.2,20.4,21.4,21.3,21,21.3,20.8,20.6,21,20.7
off,80,20.7,20.4,22.8,22.4,21.6,21.2,20.9,20.7,21.3,20.7,21.1,20.9,20.9,20.6,22.2,21.6,20.9,21,21,21.3,20.9,21.1,21.1,21.4,20.7,20.9,20.7,20.9,20.3,20.5,20.4,21.2,20.5,20.8,20.2,20.4,21.4,21.3,21,21.3,20.8,20.6,20.9,20.7
off,100,20.7,20.3,22.6,22.3,21.5,21.2,20.9,20.7,21.2,20.7,21.1,20.7,20.9,20.6,22.2,21.6,20.9,21,21,21.3,20.9,21.1,21.1,21.4,20.7,20.9,20.6,20.9,20.2,20.5,20.4,21.2,20.5,20.8,20.2,20.3,21.4,21.2,21,21.3,20.7,20.5,20.9,20.6
off,120,20.6,20.3,22.6,22.2,21.5,21,20.9,20.7,21.2,20.7,21.1,20.7,20.9,20.6,22.1,21.6,20.8,21,21,21.2,20.8,21.1,21.1,21.3,20.7,20.9,20.6,20.9,20.2,20.5,20.4,21.2,20.4,20.7,20,20.3,21.4,21.1,21,21.3,20.7,20.5,20.7,20.6
off,140,20.6,20.3,22.5,22.2,21.5,21,20.9,20.7,21.2,20.6,21,20.7,20.9,20.6,22.1,21.5,20.8,21,20.9,21.2,20.8,21.1,21.1,21.3,20.7,20.8,20.6,20.8,20.2,20.5,20.4,21.2,20.4,20.7,20,20.2,21.4,21.1,21,21.3,20.6,20.5,20.7,20.6
off,160,20.6,20.3,22.5,22.1,21.4,21,20.9,20.7,21.2,20.6,21,20.7,20.8,20.6,22.1,21.5,20.8,20.9,20.9,21.2,20.8,21,21,21.3,20.6,20.8,20.6,20.8,20.2,20.5,20.4,21.2,20.4,20.7,19.9,20.2,21.4,20.9,21,21.3,20.6,20.5,20.6,20.5
off,180,20.6,20.3,22.5,22.1,21.4,21,20.9,20.7,21.1,20.6,21,20.7,20.8,20.4,22,21.5,20.8,20.9,20.9,21.2,20.8,21,21,21.3,20.6,20.8,20.5,20.8,20.2,20.5,20.4,21.2,20.3,20.6,19.9,20.1,21.3,20.9,21,21.3,20.6,20.4,20.6,20.5
off,200,20.4,20.3,22.4,22,21.4,21,20.9,20.7,21.1,20.6,21,20.7,20.8,20.4,22,21.4,20.8,20.9,20.9,21.2,20.8,21,21,21.2,20.6,20.8,20.5,20.7,20.2,20.5,20.4,21.1,20.3,20.6,19.9,20.1,21.2,20.8,21.2,21.3,20.5,20.4,20.6,20.5
off,220,20.4,20.2,22.4,22,21.4,21,20.8,20.7,21.1,20.6,21,20.7,20.8,20.4,21.9,21.4,20.8,20.9,20.9,21.1,20.8,21,21,21.2,20.6,20.7,20.5,20.7,20.2,20.5,20.3,21.1,20.3,20.4,19.8,20.1,21.2,20.8,21.2,21.3,20.5,20.4,20.6,20.5
off,240,20.4,20.2,22.3,21.9,21.3,21,20.8,20.6,21.1,20.6,21,20.7,20.8,20.4,21.9,21.4,20.8,20.9,20.9,21.1,20.8,21,20.9,21.2,20.5,20.7,20.5,20.7,20.2,20.5,20.3,21,20.2,20.4,19.8,20.1,21.1,20.7,21.1,21.1,20.5,20.4,20.5,20.4
off,260,20.4,20.2,22.3,21.9,21.3,20.9,20.8,20.6,21.1,20.6,21,20.6,20.8,20.4,21.9,21.2,20.8,20.9,20.8,21.1,20.7,21,20.9,21.1,20.5,20.7,20.5,20.7,20.2,20.5,20.3,21,20.2,20.4,19.8,20,21.1,20.7,21.1,20.9,20.5,20.2,20.5,20.4
off,280,20.4,20.2,22.2,21.8,21.3,20.9,20.8,20.6,20.9,20.6,21,20.6,20.7,20.4,21.7,21.2,20.7,20.9,20.8,21.1,20.7,20.9,20.9,21.1,20.5,20.7,20.5,20.7,20.2,20.5,20.2,21,20.2,20.4,19.8,20,21,20.7,21.1,20.8,20.4,20.2,20.5,20.4
on,300,20.6,20.2,22.2,21.8,21.3,20.9,20.8,20.6,21.1,20.5,21,20.6,20.7,20.4,21.7,21.2,20.9,20.8,20.8,21.2,20.7,20.9,20.9,21.3,20.5,20.6,20.5,20.6,20.2,20.4,20.2,20.9,20.2,20.4,19.7,20,21,20.6,20.9,20.7,20.4,20.2,20.5,20.4
on,320,21,21,22.6,22.3,21.6,21.6,21.2,21.3,21.2,21.8,21.3,22.1,20.8,22,21.9,22.7,22.1,21,20.8,21.7,22.1,21,21.4,21.6,21.8,20.8,21.9,20.7,21.4,20.5,21.3,21,21.5,20.6,21.2,20.3,21,21.9,21.1,22.2,20.5,21.4,20.8,22.2
on,340,21.3,21.6,22.8,23.1,21.8,22.2,21.4,21.9,21.4,22.2,21.7,22.7,21.2,22.4,22.3,23.3,22.5,21.3,22.3,21.9,22.5,21.3,22.3,22,22.4,21,22.3,21.1,21.8,20.8,21.7,21.3,21.9,20.9,21.6,20.7,21.2,22.6,21.4,22.8,20.8,22.3,21.4,22.9
on,360,21.5,21.8,23.1,23.3,22.2,22.5,21.7,22.1,21.7,22.5,21.9,22.9,21.4,22.8,22.6,23.6,22.7,21.6,22.7,22.3,22.7,21.5,22.7,22.3,22.7,21.4,22.6,21.6,22.1,21.1,22,21.5,22.2,21.2,21.9,21.1,21.5,22.9,21.6,23.1,21.2,22.6,21.8,23.2
on,380,21.8,22.1,23.4,23.6,22.3,22.6,21.9,22.4,21.9,22.8,22.2,23.2,21.7,23.1,22.8,23.8,23,21.9,22.9,22.6,22.9,21.8,22.9,22.7,22.9,21.8,22.9,22,22.2,21.3,22.1,21.8,22.4,21.5,22.1,21.3,21.8,23.2,22,23.3,21.6,22.8,22.3,23.5
on,400,22.1,22.2,23.6,23.7,22.6,22.7,22.2,22.5,22.1,22.9,22.4,23.3,22,23.2,23.1,23.9,23.1,22.2,23.1,22.8,23.1,22.1,23.1,22.9,23.1,22.2,23,22.4,22.3,21.6,22.2,22.1,22.6,21.9,22.2,21.7,22,23.3,22.3,23.6,21.8,23.1,22.7,23.7
on,420,22.2,22.4,23.8,23.8,22.8,22.9,22.5,22.6,22.3,23,22.6,23.4,22.3,23.4,23.3,24.1,23.2,22.4,23.2,23.1,23.2,22.3,23.2,23.2,23.2,22.4,23.1,22.7,22.5,21.7,22.2,22.2,22.7,22.2,22.4,22,22.2,23.6,22.6,23.7,22.1,23.2,22.9,24
on,440,22.4,22.6,24,23.9,22.9,23.1,22.7,22.7,22.4,23.1,22.8,23.6,22.5,23.6,23.6,24.2,23.5,22.7,23.4,23.3,23.3,22.6,23.3,23.4,23.3,22.7,23.2,23,22.6,21.9,22.3,22.4,22.9,22.4,22.5,22.3,22.4,23.6,22.8,23.8,22.4,23.3,23.2,24.1
on,460,22.5,22.7,24.1,24.1,23.2,23.2,23,23,22.7,23.2,22.9,23.7,22.7,23.7,23.8,24.3,23.6,22.8,23.6,23.4,23.4,22.8,23.4,23.6,23.4,22.9,23.3,23.2,22.7,22.1,22.4,22.5,23.1,22.6,22.6,22.5,22.6,23.8,22.9,23.9,22.5,23.4,23.4,24.2
on,480,22.7,22.7,24.4,24.2,23.3,23.3,23.1,23.1,22.8,23.2,23.2,23.8,22.9,23.8,24.1,24.4,23.7,23.1,23.6,23.7,23.6,23.1,23.4,23.8,23.5,23.2,23.5,23.5,22.8,22.3,22.4,22.8,23.1,22.8,22.7,22.7,22.8,23.9,23.2,24.1,22.7,23.5,23.7,24.3
on,500,22.9,22.8,24.5,24.3,23.6,23.3,23.3,23.2,22.9,23.3,23.3,23.9,23.1,23.9,24.2,24.5,23.8,23.2,23.7,23.8,23.7,23.2,23.6,23.9,23.7,23.3,23.5,23.8,22.8,22.4,22.6,22.9,23.2,22.9,22.7,22.9,22.9,23.9,23.3,24.2,22.8,23.7,23.8,24.4
on,520,23,22.9,24.6,24.3,23.7,23.4,23.5,23.3,23.1,23.5,23.6,24.1,23.3,24.1,24.3,24.5,23.8,23.4,23.8,23.9,23.8,23.3,23.7,24.2,23.7,23.6,23.6,24,22.9,22.6,22.6,23,23.3,23.1,22.8,23,23.1,24.1,23.5,24.3,23,23.8,24.1,24.6
on,540,23.1,23.1,24.8,24.4,23.8,23.6,23.7,23.3,23.3,23.5,23.7,24.1,23.4,24.2,24.6,24.7,23.9,23.6,23.8,24.1,23.8,23.6,23.7,24.3,23.8,23.7,23.7,24.1,22.9,22.8,22.7,23.1,23.3,23.2,23,23.2,23.2,24.2,23.7,24.3,23.1,23.8,24.2,24.7
on,560,23.2,23.1,25,24.6,24.1,23.7,23.8,23.5,23.4,23.6,23.8,24.2,23.7,24.3,24.7,24.7,24.1,23.7,23.9,24.2,23.9,23.7,23.8,24.4,23.9,23.8,23.7,24.2,23.1,22.9,22.7,23.2,23.4,23.3,23,23.3,23.3,24.3,23.8,24.4,23.2,23.8,24.3,24.7
on,580,23.4,23.2,25,24.6,24.2,23.8,24.1,23.6,23.4,23.6,23.9,24.3,23.8,24.4,24.8,24.8,24.2,23.8,23.9,24.3,24.1,23.8,23.9,24.4,23.9,23.9,23.8,24.3,23.2,23,22.8,23.4,23.4,23.4,23.1,23.4,23.4,24.3,23.9,24.5,23.4,23.9,24.4,24.8
off,600,23.4,23.3,25.1,24.7,24.2,23.8,24.1,23.7,23.6,23.7,23.9,24.3,23.9,24.4,24.9,24.9,24.2,23.9,24,24.2,24.1,23.9,23.9,24.6,23.9,24.1,23.8,24.5,23.2,23.1,22.8,23.5,23.6,23.5,23.2,23.5,23.5,24.4,24,24.6,23.5,23.9,24.6,24.8
off,620,23,22.4,24.8,24,24,23.1,23.8,23.1,23.4,22.6,23.8,23,23.9,23.1,24.9,23.4,22.9,23.8,23.8,23.9,22.8,23.9,22.6,24.6,22.7,24.1,22.5,24.5,22.1,23.1,21.6,23.3,22.2,23.4,21.8,23.3,23.5,23.1,24,23.3,23.4,22.6,24.3,23.1
off,640,22.9,22,24.6,23.4,23.8,22.7,23.7,22.6,23.3,22.1,23.6,22.4,23.7,22.7,24.7,22.9,22.5,23.7,22.7,23.7,22.6,23.8,22.2,24.3,22.2,23.8,22.1,24.2,21.7,23,21.3,23.2,21.8,23,21.3,22.9,23.4,22.6,23.9,22.7,23.1,22.1,23.9,22.4
off,660,22.6,21.7,24.3,23.2,23.7,22.6,23.4,22.4,23.1,21.8,23.4,22.2,23.5,22.4,24.4,22.6,22.3,23.4,22.4,23.4,22.3,23.6,22.1,24.1,21.9,23.6,21.8,23.8,21.6,22.9,21.2,23,21.5,22.8,21.1,22.6,23.2,22.2,23.6,22.4,22.7,21.8,23.3,22
off,680,22.5,21.6,24.2,23.1,23.6,22.3,23.3,22.3,22.9,21.7,23.2,22.1,23.4,22.2,24.3,22.5,22.2,23.2,22.2,23.2,22.2,23.4,22,23.8,21.8,23.3,21.7,23.4,21.4,22.7,21.1,22.8,21.3,22.5,21,22.3,22.9,22.1,23.4,22.2,22.5,21.7,23.1,21.9
off,700,22.4,21.5,24,22.8,23.4,22.2,23.2,22.2,22.8,21.6,23.1,21.9,23.3,22.2,24.1,22.4,21.9,22.9,22,22.9,22.1,23.2,21.9,23.6,21.7,23,21.6,23.2,21.3,22.5,20.9,22.6,21.2,22.1,20.8,21.9,22.8,21.8,23.1,21.9,22.2,21.4,22.7,21.7
off,720,22.2,21.4,23.8,22.8,23.2,22.1,23.1,22,22.7,21.5,22.8,21.8,23.2,22.1,23.9,22.3,21.8,22.7,21.9,22.8,21.9,23,21.7,23.4,21.6,22.8,21.4,22.9,21.3,22.5,20.8,22.4,21.1,22,20.7,21.7,22.5,21.7,22.8,21.8,22.1,21.3,22.4,21.5
off,740,22.1,21.3,23.7,22.7,23.1,22.1,22.9,21.9,22.6,21.4,22.7,21.7,22.9,21.9,23.7,22.1,21.8,22.6,21.8,22.6,21.8,22.8,21.7,23.2,21.4,22.5,21.3,22.7,21.2,22.3,20.8,22.3,20.9,21.7,20.6,21.6,22.4,21.6,22.7,21.7,21.8,21.2,22.2,21.4
off,760,22,21.3,23.5,22.6,22.9,21.9,22.8,21.8,22.4,21.4,22.6,21.7,22.9,21.8,23.6,22,21.6,22.3,21.7,22.4,21.8,22.7,21.6,22.9,21.3,22.3,21.2,22.4,21.2,22.3,20.7,22.1,20.8,21.5,20.5,21.3,22.2,21.4,22.5,21.6,21.7,21.1,22.1,21.3
off,780,21.9,21.1,23.4,22.4,22.8,21.8,22.7,21.8,22.3,21.3,22.5,21.6,22.8,21.8,23.4,22,21.5,22.2,21.6,22.3,21.7,22.5,21.6,22.8,21.3,22.2,21.2,22.2,21.1,22.2,20.7,22,20.7,21.4,20.4,21.2,22.1,21.3,22.3,21.5,21.6,21.1,21.8,21.2
off,800,21.8,21.1,23.2,22.3,22.7,21.8,22.6,21.7,22.2,21.3,22.3,21.4,22.7,21.7,23.2,21.9,21.4,22.1,21.6,22.2,21.6,22.4,21.5,22.7,21.2,22,21.1,22.1,21.1,22,20.6,21.9,20.7,21.2,20.4,21.1,21.9,21.2,22.2,21.3,21.5,20.9,21.7,21.2
off,820,21.8,21,23.1,22.2,22.6,21.7,22.5,21.7,22.1,21.1,22.3,21.4,22.6,21.7,23.1,21.8,21.4,21.9,21.4,22.1,21.6,22.3,21.4,22.5,21.2,21.9,21,21.9,21.1,21.9,20.6,21.8,20.6,21.1,20.2,20.9,21.8,21.2,22,21.2,21.4,20.9,21.6,21.1
off,840,21.7,21,23,22.2,22.6,21.7,22.3,21.6,22.1,21.1,22.2,21.3,22.4,21.6,22.9,21.8,21.3,21.8,21.4,21.9,21.5,22.2,21.4,22.3,21.1,21.7,21,21.7,20.9,21.8,20.6,21.6,20.4,21,20.1,20.8,21.7,21.1,21.9,21.2,21.2,20.8,21.4,20.9
off,860,21.5,20.9,22.9,22.1,22.4,21.7,22.2,21.6,22,21,22.1,21.3,22.3,21.6,22.8,21.7,21.3,21.8,21.3,21.8,21.5,22.1,21.3,22.2,21.1,21.7,20.8,21.6,20.9,21.8,20.5,21.6,20.4,20.9,20.1,20.7,21.6,21.1,21.8,21.1,21.1,20.8,21.3,20.9
off,880,21.5,20.9,22.8,21.9,22.3,21.6,22.1,21.4,21.9,21,22,21.2,22.2,21.4,22.7,21.7,21.2,21.7,21.3,21.8,21.4,21.9,21.3,22.1,20.9,21.6,20.8,21.5,20.9,21.7,20.5,21.5,20.3,20.8,20,20.6,21.6,21,21.7,21,21.1,20.7,21.3,20.8
off,900,21.4,20.8,22.6,21.9,22.2,21.6,22.1,21.3,21.9,21,21.9,21.2,21.3,21,22.7,21.7,21.2,21.6,21.2,21.7,21.4,21.9,21.3,22,20.9,21.4,20.8,21.4,20.8,21.7,20.4,21.4,20.3,20.8,20,20.4,21.4,21,21.6,21,21,20.6,21.2,20.8
off,920,21.4,20.8,22.6,21.8,22.2,21.4,22,21.3,21.7,21,21.9,21.2,21.3,21,22.6,21.6,21.1,21.6,21.2,21.7,21.4,21.8,21.2,22,20.9,21.3,20.7,21.3,20.8,21.5,20.4,21.3,20.3,20.6,19.9,20.4,21.3,20.9,21.4,20.9,20.9,20.6,21.1,20.8
off,940,21.3,20.8,22.5,21.8,22.1,21.4,21.9,21.2,21.7,20.9,21.8,21.1,21.3,21,22.4,21.6,21.1,21.4,21.2,21.6,21.3,21.7,21.2,21.9,20.8,21.3,20.7,21.3,20.8,21.5,20.4,21.3,20.2,20.6,19.9,20.3,21.3,20.9,21.4,20.9,20.9,20.6,21.1,20.7
off,960,21.1,20.7,22.4,21.7,22.1,21.4,21.9,21.2,21.6,20.9,21.8,21.1,21.3,21,22.3,21.4,21.1,21.4,21.1,21.6,21.3,21.7,21.2,21.8,20.8,21.2,20.7,21.1,20.8,21.4,20.4,21.2,20.2,20.5,19.9,20.2,21.2,20.7,21.3,20.8,20.8,20.5,20.9,20.7
off,980,21.1,20.7,22.4,21.7,22,21.3,21.8,21.2,21.6,20.9,21.7,21,21.3,21,22.3,21.4,20.9,21.3,21.1,21.5,21.3,21.6,21.1,21.8,20.7,21.1,20.6,21.1,20.7,21.4,20.3,21.2,20.2,20.5,19.8,20.2,21.1,20.7,21.2,20.8,20.8,20.5,20.9,20.7
off,1000,21.1,20.6,22.3,21.7,22,21.3,21.6,21.1,21.5,20.9,21.7,21,21.2,20.9,22.2,21.4,20.9,21.3,21.1,21.5,21.1,21.6,21.1,21.7,20.7,21.1,20.6,21,20.7,21.3,20.3,21.1,20.1,20.5,19.8,20.1,21.1,20.7,21.1,20.7,20.7,20.5,20.8,20.7
off,1020,21,20.6,22.2,21.6,21.8,21.3,21.6,21.1,21.5,20.9,21.5,21,21.2,20.9,22.1,21.3,20.9,21.2,21.1,21.3,21.1,21.5,21.1,21.7,20.7,20.9,20.6,21,20.7,21.3,20.3,21.1,20.1,20.4,19.8,20.1,21,20.6,21.1,20.7,20.7,20.4,20.8,20.6
off,1040,21,20.4,22.2,21.6,21.8,21.3,21.5,21.1,21.5,20.8,21.5,21,21.2,20.9,22.1,21.3,20.8,21.2,20.9,21.3,21.1,21.5,20.9,21.6,20.7,20.9,20.5,20.9,20.7,21.3,20.3,20.9,20.1,20.4,19.8,20.1,21,20.6,20.9,20.7,20.7,20.4,20.8,20.6
off,1060,20.9,20.4,22.1,21.4,21.7,21.2,21.5,20.9,21.4,20.8,21.5,20.9,21.2,20.9,22,21.3,20.8,21.2,20.9,21.3,21,21.4,20.9,21.6,20.6,20.9,20.5,20.9,20.7,21.2,20.3,20.9,20.1,20.4,19.7,20,21,20.6,20.9,20.5,20.5,20.4,20.7,20.6
off,1080,20.9,20.4,22.1,21.4,21.7,21.2,21.5,20.9,21.4,20.8,21.4,20.9,21.2,20.9,22,21.2,20.8,21.1,20.9,21.2,21,21.4,20.9,21.4,20.6,20.8,20.5,20.8,20.6,21.2,20.3,20.8,20.1,20.3,19.7,20,20.8,20.5,20.9,20.5,20.5,20.4,20.7,20.4
off,1100,20.8,20.4,21.9,21.4,21.6,21.2,21.4,20.9,21.4,20.8,21.4,20.9,21.1,20.9,21.8,21.2,20.7,21.1,20.8,21.2,21,21.2,20.9,21.4,20.6,20.8,20.5,20.8,20.6,21.1,20.2,20.8,20.1,20.3,19.7,20,20.8,20.5,20.8,20.5,20.5,20.3,20.6,20.4
off,1120,20.8,20.3,21.9,21.3,21.6,21.2,21.4,20.9,21.3,20.7,21.3,20.9,21.1,20.9,21.8,21.1,20.7,21,20.8,21.2,20.9,21.2,20.8,21.3,20.5,20.8,20.4,20.8,20.6,21.1,20.2,20.8,20,20.3,19.7,19.9,20.7,20.5,20.8,20.5,20.5,20.3,20.6,20.4
off,1140,20.8,20.3,21.8,21.3,21.6,21.2,21.3,20.9,21.3,20.7,21.3,20.9,21.1,20.7,21.7,21.1,20.7,21,20.8,21.1,20.9,21.2,20.8,21.3,20.5,20.7,20.4,20.7,20.5,21.1,20.2,20.7,20,20.3,19.6,19.9,20.7,20.5,20.8,20.4,20.4,20.3,20.6,20.3
off,1160,20.7,20.3,21.8,21.2,21.5,21.1,21.3,20.8,21.3,20.7,21.3,20.8,21.1,20.7,21.7,21.1,20.7,21,20.8,21.1,20.9,21.1,20.8,21.3,20.5,20.7,20.4,20.7,20.5,21.1,20.2,20.7,20,20.2,19.6,19.9,20.7,20.4,20.7,20.4,20.4,20.3,20.5,20.3
off,1180,20.7,20.2,21.7,21.2,21.5,21.1,21.3,20.8,21.1,20.7,21.2,20.8,21.1,20.7,21.6,20.9,20.7,21,20.8,21.1,20.9,21.1,20.8,21.2,20.5,20.7,20.4,20.7,20.5,20.9,20.2,20.7,20,20.2,19.6,19.9,20.7,20.4,20.7,20.4,20.4,20.3,20.5,20.3
nir,1200,20.5,20.2,21.7,21.2,21.5,21.1,21.2,20.8,21.1,20.7,21.2,20.8,21.1,20.7,21.6,20.9,20.7,20.9,20.7,21.1,20.9,21.1,20.7,21.2,20.5,20.6,20.4,20.6,20.5,20.9,20.2,20.6,19.9,20.2,19.6,19.8,20.6,20.4,20.7,20.4,20.4,20.3,20.5,20.3
nir,1220,20.7,20.2,21.8,21.4,21.5,21.2,21.4,21.2,21.1,21,21.3,21.3,21.1,21.4,21.6,21.7,21.2,21,20.7,21.4,21.4,21.1,21.2,21.2,21,20.6,21,20.6,21,20.9,20.7,20.6,20.6,20.2,20.1,19.9,20.6,20.9,20.6,20.9,20.4,20.8,20.5,21.1
nir,1240,20.9,20.8,21.9,21.7,21.6,21.6,21.6,21.4,21.3,21.4,21.4,21.7,21.2,21.7,21.7,21.9,21.5,21.2,21.4,21.5,21.7,21.2,21.7,21.3,21.4,20.8,21.2,20.8,21.3,21,20.9,20.8,20.8,20.4,20.6,20.2,20.7,21.3,20.8,21.3,20.7,21.2,20.9,21.4
nir,1260,21,21,22.2,22,21.7,21.7,21.7,21.6,21.4,21.5,21.7,21.8,21.4,21.9,21.9,22.2,21.6,21.4,21.7,21.8,21.8,21.4,21.8,21.4,21.5,21,21.5,21.1,21.4,21.2,21.1,20.9,21.1,20.7,20.7,20.3,20.9,21.6,20.9,21.6,20.8,21.4,21.2,21.7
nir,1280,21.1,21,22.3,22.1,21.9,21.8,21.8,21.7,21.5,21.7,21.8,21.9,21.6,22.1,22.1,22.3,21.8,21.5,21.8,21.9,21.9,21.5,21.9,21.7,21.6,21.2,21.6,21.3,21.5,21.3,21.2,21.1,21.2,20.8,20.8,20.6,21.1,21.7,21.1,21.7,21.1,21.6,21.4,21.8
nir,1300,21.3,21.1,22.4,22.2,22,21.8,21.9,21.8,21.6,21.8,21.9,22.1,21.7,22.2,22.2,22.3,21.9,21.7,21.9,22,22,21.6,21.9,21.8,21.7,21.5,21.6,21.6,21.5,21.4,21.2,21.2,21.3,21.1,20.9,20.8,21.2,21.8,21.3,21.8,21.2,21.7,21.7,22.1
nir,1320,21.3,21.2,22.6,22.3,22.1,21.9,22.1,21.9,21.7,21.8,22.1,22.2,21.8,22.3,22.4,22.4,22,21.9,22.1,22.2,22.1,21.7,22,22.1,21.8,21.6,21.7,21.7,21.6,21.5,21.3,21.4,21.4,21.2,21,20.9,21.3,21.9,21.4,21.9,21.4,21.8,21.9,22.2
nir,1340,21.4,21.3,22.7,22.3,22.2,22.1,22.2,21.9,21.8,21.9,22.2,22.3,22,22.4,22.6,22.6,22.1,22,22.2,22.4,22.1,21.8,22.1,22.2,21.8,21.7,21.8,21.9,21.6,21.5,21.4,21.6,21.6,21.3,21.1,21.2,21.4,22.1,21.6,21.9,21.5,21.8,22.1,22.2
nir,1360,21.5,21.3,22.7,22.4,22.3,22.1,22.3,22.1,21.9,21.9,22.3,22.3,22.1,22.6,22.7,22.6,22.1,22,22.2,22.5,22.2,22,22.1,22.3,22,21.8,21.8,22.1,21.7,21.6,21.4,21.6,21.6,21.4,21.1,21.3,21.6,22.1,21.7,22.1,21.6,21.9,22.2,22.3
nir,1380,21.6,21.3,22.8,22.4,22.3,22.2,22.4,22.2,22.1,22,22.4,22.4,22.3,22.6,22.8,22.7,22.2,22.1,22.3,22.5,22.2,22.1,22.2,22.4,22,22,21.9,22.2,21.7,21.7,21.6,21.7,21.7,21.5,21.1,21.4,21.7,22.2,21.8,22.2,21.8,22.1,22.3,22.4
nir,1400,21.8,21.5,22.9,22.6,22.4,22.2,22.5,22.2,22.1,22,22.4,22.4,22.4,22.7,22.9,22.7,22.2,22.2,22.3,22.6,22.4,22.2,22.2,22.5,22.1,22.1,21.9,22.4,21.8,21.8,21.6,21.8,21.7,21.7,21.3,21.4,21.8,22.2,21.9,22.2,21.8,22.1,22.4,22.6
nir,1420,21.8,21.5,23,22.6,22.6,22.3,22.6,22.3,22.2,22.1,22.5,22.5,22.4,22.8,23.1,22.8,22.3,22.3,22.4,22.7,22.4,22.3,22.2,22.6,22.1,22.2,22.1,22.4,21.8,22,21.7,21.9,21.7,21.8,21.3,21.5,21.8,22.2,22.1,22.3,21.9,22.2,22.5,22.6
nir,1440,21.9,21.6,23,22.6,22.7,22.3,22.7,22.3,22.3,22.1,22.6,22.5,22.6,22.8,23.2,22.8,22.3,22.4,22.4,22.8,22.5,22.4,22.3,22.7,22.2,22.3,22.1,22.6,21.8,22,21.7,22,21.8,21.8,21.4,21.6,21.9,22.3,22.2,22.4,22,22.2,22.6,22.7
nir,1460,21.9,21.6,23.1,22.7,22.7,22.4,22.7,22.4,22.3,22.1,22.7,22.6,22.7,22.8,23.2,22.9,22.4,22.4,22.4,22.8,22.5,22.4,22.3,22.8,22.2,22.4,22.2,22.7,21.9,22.1,21.7,22.2,21.8,21.9,21.4,21.6,22.1,22.3,22.2,22.4,22,22.3,22.8,22.7
nir,1480,22,21.7,23.1,22.7,22.8,22.4,22.8,22.4,22.4,22.1,22.7,22.6,22.8,22.9,23.3,22.9,22.4,22.6,22.6,22.9,22.6,22.6,22.3,23,22.3,22.4,22.2,22.8,21.9,22.2,21.8,22.2,21.9,21.9,21.4,21.7,22.1,22.4,22.3,22.4,22.1,22.3,22.8,22.8
off,1500,22,21.7,23.2,22.8,22.8,22.4,22.8,22.4,22.4,22.2,22.7,22.7,22.9,22.9,23.4,22.9,22.6,22.6,22.6,22.9,22.6,22.7,22.3,23,22.3,22.6,22.2,22.8,21.9,22.2,21.8,22.3,21.9,22,21.5,21.8,22.2,22.4,22.4,22.5,22.1,22.3,22.8,22.8
off,1520,21.9,21.4,23.1,22.6,22.8,22.2,22.7,22.2,22.4,21.6,22.7,22.1,22.9,22.3,23.4,22.2,21.9,22.4,22.6,22.8,22.1,22.7,21.7,23,21.7,22.6,21.6,22.8,21.4,22.2,21.1,22.3,21.2,22,20.9,21.8,22.2,21.8,22.4,21.9,22.1,21.8,22.8,21.9
off,1540,21.7,21.2,23,22.2,22.7,21.9,22.6,21.9,22.3,21.4,22.6,21.8,22.8,22,23.3,21.9,21.6,22.2,22,22.6,21.9,22.6,21.5,22.9,21.4,22.4,21.4,22.7,21.2,22.2,21,22.1,20.9,21.7,20.6,21.6,22.1,21.5,22.3,21.6,22,21.3,22.4,21.6
off,1560,21.6,21,22.8,22.1,22.6,21.8,22.6,21.8,22.2,21.3,22.5,21.7,22.7,21.9,23.1,21.8,21.5,22.1,21.8,22.4,21.7,22.5,21.5,22.7,21.3,22.3,21.2,22.4,21.1,22.1,20.9,22,20.8,21.6,20.4,21.3,21.9,21.4,22.2,21.3,21.8,21.2,22.2,21.4
off,1580,21.5,20.9,22.7,21.9,22.4,21.7,22.5,21.7,22.1,21.2,22.4,21.6,22.6,21.8,22.9,21.7,21.4,22,21.5,22.3,21.6,22.3,21.3,22.6,21.2,22.2,21.1,22.3,21.1,21.9,20.7,21.9,20.7,21.4,20.3,21.2,21.8,21.3,22.1,21.2,21.6,21.1,21.9,21.2
off,1600,21.4,20.9,22.6,21.8,22.4,21.7,22.4,21.7,21.9,21.2,22.3,21.4,22.4,21.6,22.8,21.6,21.4,21.9,21.5,22.2,21.5,22.2,21.3,22.4,21.1,21.9,21.1,22.1,21,21.8,20.7,21.8,20.6,21.3,20.3,20.9,21.7,21.1,21.8,21.1,21.5,20.9,21.8,21.1
off,1620,21.4,20.8,22.5,21.8,22.3,21.6,22.3,21.6,21.9,21.1,22.2,21.4,22.3,21.5,22.7,21.6,21.3,21.8,21.4,22.1,21.5,22.1,21.2,22.3,21.1,21.8,20.9,21.9,21,21.8,20.6,21.7,20.5,21.1,20.2,20.8,21.6,21,21.7,21.1,21.3,20.9,21.7,21
off,1640,21.3,20.8,22.5,21.7,22.2,21.6,22.2,21.6,21.8,21.1,22.2,21.3,22.3,21.5,22.6,21.4,21.2,21.6,21.4,21.9,21.4,22,21.1,22.2,20.9,21.7,20.9,21.7,20.9,21.7,20.6,21.7,20.5,21,20.1,20.7,21.4,21,21.6,21,21.2,20.8,21.4,20.9
off,1660,21.3,20.7,22.3,21.7,22.2,21.4,22.2,21.4,21.8,21.1,22,21.2,22.2,21.5,22.4,21.4,21.2,21.5,21.3,21.8,21.4,22,21.1,22,20.9,21.6,20.8,21.6,20.9,21.6,20.5,21.6,20.3,20.9,20.1,20.6,21.4,20.9,21.6,20.9,21.2,20.8,21.3,20.9
off,1680,21.2,20.7,22.2,21.6,22.1,21.4,22.1,21.4,21.7,20.9,21.9,21.2,22.1,21.4,22.4,21.3,21.1,21.5,21.3,21.7,21.3,21.9,21.1,21.9,20.8,21.4,20.8,21.4,20.9,21.6,20.5,21.4,20.3,20.8,20.1,20.5,21.3,20.9,21.4,20.9,21.1,20.7,21.2,20.7
off,1700,21.2,20.7,22.2,21.6,21.9,21.3,21.9,21.3,21.7,20.9,21.9,21.1,22.1,21.4,22.3,21.3,21.1,21.4,21.2,21.7,21.3,21.7,21,21.8,20.8,21.3,20.7,21.3,20.9,21.5,20.4,21.3,20.2,20.8,19.9,20.4,21.2,20.8,21.3,20.9,21,20.7,21.1,20.6
off,1720,21.1,20.7,22.1,21.5,21.9,21.3,21.8,21.3,21.6,20.9,21.8,21.1,21.9,21.3,22.2,21.3,21.1,21.4,21.2,21.6,21.2,21.7,21,21.8,20.8,21.2,20.7,21.3,20.8,21.4,20.4,21.2,20.1,20.7,19.8,20.4,21.1,20.8,21.2,20.8,21,20.6,20.9,20.6
off,1740,21.1,20.6,22.1,21.5,21.8,21.3,21.8,21.2,21.6,20.9,21.7,21.1,21.9,21.3,22.2,21.2,20.9,21.3,21,21.5,21.2,21.6,21,21.7,20.7,21.2,20.7,21.2,20.8,21.4,20.3,21.2,20.1,20.5,19.8,20.2,21.1,20.7,21.1,20.8,20.9,20.6,20.9,20.6
off,1760,20.9,20.6,22,21.5,21.8,21.2,21.7,21.2,21.4,20.8,21.7,20.9,21.8,21.3,22.1,21.2,20.9,21.3,21,21.5,21.2,21.5,20.9,21.6,20.7,21.1,20.6,21.1,20.6,21.3,20.3,21.1,20.1,20.4,19.8,20.1,21,20.7,21.1,20.7,20.8,20.5,20.8,20.5
off,1780,20.9,20.6,21.9,21.4,21.7,21.2,21.7,21.2,21.4,20.8,21.6,20.9,21.7,21.2,21.9,21.1,20.8,21.2,21,21.4,21.1,21.5,20.9,21.6,20.7,21.1,20.6,21.1,20.6,21.3,20.2,20.9,20,20.4,19.7,20.1,21,20.6,20.9,20.6,20.8,20.5,20.8,20.5
off,1800,20.8,20.6,21.9,21.4,21.7,21.2,21.6,21.1,21.3,20.8,21.6,20.9,21.7,21.2,21.9,21.1,20.8,21.2,20.9,21.4,21.1,21.4,20.9,21.4,20.7,20.9,20.6,20.9,20.6,21.2,20.2,20.9,20,20.3,19.7,20,20.9,20.6,20.9,20.6,20.7,20.5,20.7,20.5
off,1820,20.8,20.4,21.8,21.2,21.7,21.2,21.6,21.1,21.3,20.7,21.6,20.9,21.7,21.2,21.8,21,20.8,21.2,20.9,21.3,20.9,21.4,20.9,21.4,20.6,20.9,20.6,20.9,20.6,21.2,20.2,20.8,19.9,20.3,19.6,20,20.9,20.6,20.8,20.6,20.7,20.4,20.7,20.5
off,1840,20.8,20.4,21.8,21.2,21.6,21.1,21.4,21.1,21.3,20.7,21.4,20.8,21.6,21.2,21.8,21,20.8,21.1,20.9,21.3,20.9,21.3,20.9,21.3,20.6,20.8,20.6,20.8,20.5,21.2,20.1,20.8,19.9,20.2,19.6,19.9,20.9,20.6,20.8,20.4,20.7,20.4,20.6,20.4
off,1860,20.8,20.4,21.6,21.2,21.6,21.1,21.4,20.9,21.2,20.7,21.4,20.8,21.6,21.1,21.7,21,20.7,21.1,20.9,21.3,20.9,21.3,20.8,21.3,20.6,20.8,20.4,20.8,20.5,21.1,20.1,20.7,19.9,20.2,19.6,19.9,20.8,20.4,20.7,20.4,20.5,20.4,20.6,20.4
off,1880,20.7,20.4,21.6,21.1,21.4,21,21.4,20.9,21.2,20.7,21.3,20.8,21.5,21.1,21.7,21,20.7,21.1,20.8,21.2,20.9,21.2,20.8,21.2,20.6,20.8,20.4,20.7,20.5,21.1,20.1,20.7,19.9,20.2,19.4,19.8,20.8,20.4,20.7,20.4,20.5,20.4,20.6,20.4
off,1900,20.7,20.4,21.5,21.1,21.4,21,21.3,20.9,21.2,20.7,21.3,20.8,21.5,21.1,21.6,20.9,20.7,20.9,20.8,21.2,20.8,21.2,20.8,21.2,20.4,20.7,20.4,20.7,20.5,20.9,19.9,20.6,19.8,20.1,19.4,19.8,20.8,20.4,20.7,20.4,20.5,20.4,20.4,20.4
off,1920,20.7,20.4,21.5,21.1,21.3,21,21.3,20.9,21.1,20.6,21.3,20.7,21.5,20.9,21.6,20.9,20.7,20.9,20.8,21.2,20.8,21.2,20.8,21.2,20.4,20.7,20.3,20.7,20.5,20.9,19.9,20.6,19.8,20.1,19.4,19.8,20.6,20.4,20.6,20.3,20.5,20.3,20.4,20.2
off,1940,20.7,20.4,21.5,21,21.3,21,21.3,20.8,21.1,20.6,21.2,20.7,21.4,20.9,21.4,20.9,20.7,20.9,20.8,21.1,20.8,21.1,20.8,21.1,20.4,20.7,20.3,20.6,20.4,20.9,19.9,20.6,19.8,20.1,19.3,19.7,20.6,20.4,20.6,20.3,20.4,20.3,20.4,20.2
off,1960,20.6,20.3,21.4,21,21.3,21,21.2,20.8,21.1,20.6,21.2,20.7,21.4,20.9,21.4,20.9,20.6,20.9,20.8,21.1,20.8,21.1,20.8,21.1,20.4,20.7,20.3,20.6,20.4,20.9,19.8,20.5,19.8,19.9,19.3,19.7,20.6,20.3,20.6,20.3,20.4,20.3,20.4,20.2
off,1980,20.6,20.3,21.4,21,21.3,20.9,21.2,20.8,21.1,20.6,21.2,20.7,21.4,20.9,21.4,20.8,20.6,20.8,20.7,21.1,20.8,21.1,20.8,21.1,20.4,20.6,20.3,20.6,20.4,20.8,19.8,20.5,19.8,19.9,19.3,19.7,20.6,20.3,20.5,20.3,20.4,20.3,20.4,20.2
off,2000,20.6,20.3,21.3,21,21.2,20.9,21.2,20.8,21,20.6,21.1,20.7,21.3,20.8,21.3,20.8,20.6,20.8,20.7,21.1,20.7,20.9,20.8,21.1,20.4,20.6,20.3,20.6,20.4,20.8,19.8,20.4,19.8,19.9,19.3,19.7,20.6,20.3,20.5,20.3,20.4,20.2,20.3,20.2
off,2020,20.6,20.3,21.3,21,21.2,20.9,21.2,20.8,21,20.6,21.1,20.6,21.3,20.8,21.3,20.8,20.6,20.8,20.7,20.9,20.7,20.9,20.7,21,20.4,20.6,20.2,20.5,20.4,20.8,19.8,20.4,19.7,19.9,19.3,19.6,20.6,20.3,20.5,20.2,20.3,20.2,20.3,20.2
off,2040,20.6,20.3,21.3,20.9,21.2,20.9,21.1,20.8,21,20.6,21.1,20.6,21.3,20.8,21.2,20.8,20.6,20.8,20.7,20.9,20.7,20.9,20.7,21,20.4,20.6,20.2,20.5,20.4,20.8,19.7,20.3,19.7,19.9,19.3,19.6,20.6,20.3,20.5,20.2,20.3,20.2,20.3,20.2
off,2060,20.6,20.3,21.3,20.9,21.2,20.9,21.1,20.7,20.9,20.5,21.1,20.6,21.3,20.8,21.2,20.8,20.6,20.8,20.7,20.9,20.7,20.9,20.7,21,20.4,20.6,20.2,20.5,20.4,20.7,19.7,20.3,19.7,19.8,19.2,19.6,20.4,20.3,20.4,20.2,20.3,20.2,20.3,20.2
off,2080,20.4,20.3,21.2,20.9,21.1,20.9,21.1,20.7,20.9,20.5,21.1,20.6,21.2,20.8,21.2,20.8,20.4,20.7,20.7,20.9,20.7,20.9,20.7,21,20.4,20.6,20.2,20.5,20.3,20.7,19.7,20.3,19.7,19.8,19.2,19.6,20.4,20.2,20.4,20.2,20.3,20.2,20.3,20.1
vis,2100,20.4,20.3,21.2,20.9,21.1,20.9,21.1,20.7,20.9,20.5,20.9,20.6,21.2,20.8,21.2,20.7,20.4,20.7,20.6,20.9,20.7,20.8,20.7,21,20.3,20.6,20.2,20.5,20.3,20.7,19.7,20.3,19.7,19.8,19.2,19.6,20.4,20.2,20.4,20.2,20.3,20.2,20.3,20.1
vis,2120,20.6,20.4,21.2,20.9,21.1,20.9,21.1,20.8,20.9,20.8,20.9,20.9,21.2,21.1,21.2,21.1,20.7,20.7,20.6,20.9,20.9,20.8,20.9,20.8,20.6,20.6,20.5,20.4,20.6,20.7,19.9,20.2,20.1,19.8,19.6,19.6,20.4,20.5,20.4,20.4,20.3,20.4,20.3,20.6
vis,2140,20.6,20.6,21.3,21.1,21.1,21.1,21.1,20.9,20.9,20.9,21.1,21.2,21.2,21.2,21.2,21.2,21,20.8,21,20.9,21.1,20.8,21,20.8,20.7,20.6,20.7,20.4,20.7,20.7,20.1,20.2,20.2,19.9,19.8,19.6,20.4,20.7,20.4,20.7,20.3,20.6,20.3,20.8
vis,2160,20.7,20.7,21.3,21.3,21.2,21.1,21.1,21.1,20.9,21,21.1,21.3,21.2,21.3,21.2,21.3,21,20.8,21,21.1,21.1,20.9,21,20.9,20.9,20.6,20.8,20.5,20.8,20.7,20.2,20.3,20.3,20.1,19.8,19.7,20.4,20.8,20.4,20.8,20.4,20.7,20.4,20.9
vis,2180,20.7,20.8,21.3,21.3,21.2,21.2,21.2,21.1,21,21,21.2,21.3,21.3,21.4,21.3,21.3,21.1,20.9,21.1,21.1,21.2,20.9,21.2,21.1,21,20.7,20.8,20.6,20.8,20.7,20.2,20.3,20.3,20.1,19.9,19.8,20.6,20.8,20.5,20.8,20.4,20.8,20.6,20.9
vis,2200,20.8,20.8,21.4,21.3,21.2,21.2,21.2,21.1,21,21.1,21.2,21.3,21.3,21.4,21.3,21.4,21.1,20.9,21.1,21.2,21.2,20.9,21.2,21.1,21,20.7,20.9,20.7,20.8,20.8,20.2,20.3,20.4,20.2,19.9,19.8,20.6,20.9,20.6,20.8,20.5,20.8,20.7,21.1
vis,2220,20.8,20.8,21.4,21.4,21.4,21.2,21.3,21.2,21.1,21.1,21.2,21.4,21.4,21.4,21.3,21.4,21.1,21.1,21.2,21.2,21.2,21.1,21.2,21.2,21,20.8,20.9,20.7,20.8,20.8,20.2,20.4,20.4,20.3,20,19.9,20.7,20.9,20.6,20.9,20.5,20.9,20.7,21.1
vis,2240,20.9,20.9,21.5,21.4,21.4,21.2,21.3,21.2,21.1,21.1,21.3,21.4,21.4,21.6,21.4,21.4,21.1,21.1,21.2,21.3,21.3,21.2,21.2,21.2,21.1,20.9,20.9,20.8,20.8,20.8,20.2,20.4,20.4,20.3,20,20,20.7,20.9,20.6,20.9,20.6,20.9,20.8,21.2
vis,2260,20.9,20.9,21.5,21.4,21.4,21.2,21.3,21.2,21.1,21.1,21.3,21.4,21.4,21.6,21.4,21.4,21.2,21.2,21.2,21.3,21.3,21.2,21.2,21.3,21.1,20.9,21,20.9,20.9,20.9,20.3,20.4,20.6,20.3,20,20,20.8,21.1,20.7,20.9,20.6,20.9,20.8,21.2
vis,2280,20.9,20.9,21.5,21.4,21.4,21.3,21.4,21.2,21.1,21.1,21.3,21.4,21.5,21.6,21.6,21.4,21.2,21.2,21.2,21.3,21.3,21.2,21.3,21.3,21.1,20.9,21,20.9,20.9,20.9,20.3,20.5,20.6,20.4,20.1,20,20.8,21.1,20.7,21.1,20.7,20.9,20.9,21.2
vis,2300,21.1,21.1,21.6,21.4,21.4,21.3,21.4,21.3,21.3,21.1,21.4,21.4,21.5,21.6,21.6,21.6,21.2,21.2,21.2,21.4,21.3,21.3,21.3,21.3,21.1,21.1,21,21.1,20.9,20.9,20.3,20.5,20.6,20.4,20.1,20.1,20.8,21.1,20.8,21.1,20.7,21.1,20.9,21.2
vis,2320,21.1,21.1,21.6,21.5,21.6,21.3,21.4,21.3,21.3,21.2,21.4,21.4,21.5,21.7,21.6,21.6,21.3,21.3,21.3,21.4,21.3,21.3,21.3,21.4,21.1,21.1,21,21.1,20.9,21.1,20.3,20.5,20.6,20.4,20.1,20.1,20.9,21.2,20.8,21.1,20.7,21.1,20.9,21.3
vis,2340,21.1,21.1,21.6,21.5,21.6,21.3,21.6,21.3,21.3,21.2,21.4,21.5,21.7,21.7,21.7,21.6,21.3,21.3,21.3,21.4,21.4,21.3,21.3,21.4,21.1,21.1,21,21.1,20.9,21.1,20.3,20.6,20.6,20.6,20.1,20.3,20.9,21.2,20.8,21.1,20.9,21.1,21.1,21.3
vis,2360,21.2,21.1,21.6,21.5,21.6,21.3,21.6,21.3,21.3,21.2,21.4,21.5,21.7,21.7,21.7,21.6,21.3,21.3,21.3,21.4,21.4,21.3,21.3,21.4,21.1,21.2,21,21.2,20.9,21.1,20.3,20.6,20.6,20.6,20.2,20.3,20.9,21.2,20.9,21.1,20.9,21.1,21.1,21.3
vis,2380,21.2,21.2,21.7,21.5,21.6,21.3,21.6,21.3,21.3,21.2,21.4,21.5,21.7,21.7,21.7,21.6,21.3,21.3,21.3,21.4,21.4,21.4,21.3,21.4,21.1,21.2,21,21.2,20.9,21.1,20.3,20.6,20.6,20.6,20.2,20.3,21,21.2,20.9,21.2,20.9,21.1,21.1,21.3
off,2400,21.2,21.2,21.7,21.5,21.6,21.4,21.6,21.3,21.4,21.2,21.5,21.5,21.7,21.7,21.8,21.6,21.3,21.3,21.3,21.5,21.4,21.4,21.4,21.6,21.2,21.2,21,21.2,21.1,21.1,20.4,20.6,20.6,20.6,20.2,20.3,21,21.2,20.9,21.2,20.9,21.1,21.2,21.3
off,2420,21.2,21,21.7,21.5,21.6,21.3,21.6,21.3,21.4,20.9,21.5,21.2,21.7,21.3,21.8,21.3,21.1,21.3,21.3,21.4,21.1,21.4,20.9,21.6,20.9,21.2,20.7,21.2,20.8,21.1,20.2,20.6,20.3,20.6,20.1,20.3,21,20.9,20.9,20.8,20.9,20.8,21.2,20.8
off,2440,21.2,20.9,21.6,21.2,21.6,21.2,21.6,21.1,21.4,20.8,21.4,20.9,21.7,21.3,21.7,21.1,20.9,21.3,21.1,21.4,20.9,21.4,20.9,21.6,20.7,21.2,20.6,21.2,20.7,21.1,20.1,20.6,20.1,20.6,19.8,20.3,21,20.7,20.9,20.7,20.9,20.5,21.1,20.7
off,2460,21.1,20.8,21.6,21.1,21.6,21.1,21.4,20.9,21.2,20.7,21.4,20.8,21.7,21.3,21.7,21.1,20.8,21.1,20.9,21.3,20.9,21.4,20.8,21.4,20.7,21.2,20.4,21.1,20.6,21.1,19.9,20.6,20,20.4,19.7,20.1,20.9,20.7,20.9,20.6,20.8,20.5,20.9,20.6
off,2480,21.1,20.8,21.5,21.1,21.4,21.1,21.4,20.9,21.2,20.6,21.3,20.8,21.7,21.3,21.7,21.6,20.8,21.1,20.8,21.3,20.9,21.2,20.8,21.4,20.6,21.1,20.4,20.9,20.6,21.1,19.9,20.5,20,20.4,19.7,20.1,20.9,20.6,20.8,20.5,20.6,20.4,20.8,20.4
off,2500,20.9,20.7,21.5,21,21.4,21.1,21.3,20.9,21.1,20.6,21.3,20.8,21.7,21.3,21.7,21.6,20.7,21,20.8,21.2,20.8,21.2,20.7,21.3,20.6,20.9,20.3,20.9,20.6,21.1,19.9,20.5,19.9,20.3,19.6,20.1,20.9,20.4,20.3,20.5,20.6,20.4,20.7,20.4
off,2520,20.9,20.7,21.4,21,21.4,20.9,21.3,20.8,21.1,20.6,21.2,20.7,21.7,21.3,21.7,21.6,20.7,21,20.7,21.2,20.8,21.2,20.7,21.2,20.6,20.9,20.3,20.9,20.6,20.9,19.9,20.5,19.9,20.2,19.6,20.1,20.7,20.4,20.3,20.5,20.5,20.3,20.7,20.3
off,2540,20.9,20.7,21.4,21,21.3,20.9,21.3,20.8,21.1,20.6,21.2,20.7,21.7,21.3,21.7,21.6,20.7,21.4,20.7,21.1,20.8,21.2,20.7,21.2,20.4,20.8,20.3,20.9,20.6,20.9,19.9,20.4,19.7,20.2,19.6,20.1,20.7,20.4,20.3,20.5,20.5,20.3,20.6,20.3
off,2560,20.8,20.7,21.4,20.9,21.3,20.9,21.2,20.8,21,20.5,21.2,20.7,21.7,21.3,21.7,21.6,20.7,21.4,20.7,21.1,20.8,21.2,20.7,21.2,20.4,20.8,20.3,20.9,20.6,20.9,19.9,20.4,19.7,20.1,19.6,20.1,20.7,20.4,20.3,20.5,20.5,20.3,20.6,20.3
off,2580,20.8,20.6,21.3,20.9,21.3,20.9,21.2,20.8,21,20.5,21.2,20.7,21.7,21.3,21.7,21.6,20.7,21.4,20.7,21.1,20.8,21.2,20.6,21.1,20.4,20.8,20.3,20.9,20.6,20.9,19.9,20.4,19.7,20.1,19.6,20.1,20.7,20.4,20.3,20.5,20.4,20.2,20.6,20.2
off,2600,20.8,20.6,21.3,20.9,21.2,20.9,21.2,20.7,21,20.5,21.1,20.7,21.7,21.3,21.7,21.6,20.7,21.4,20.6,22.6,20.8,21.2,23.4,20.9,20.4,20.7,20.2,20.9,20.6,20.9,19.9,20.4,19.6,19.9,19.6,20.1,20.7,20.4,20.3,20.5,20.4,20.2,21.4,20.2
off,2620,20.8,20.6,21.3,20.9,21.2,20.8,21.1,20.7,21,20.5,21.1,20.6,21.7,21.3,21.7,21.6,20.7,21.4,20.6,22.8,20.8,21.2,25.2,22.8,20.4,20.7,20.2,20.9,20.6,20.9,19.9,20.3,19.6,19.9,19.6,20.4,20.7,20.4,20.3,20.5,20.4,20.2,21.6,20.2
off,2640,20.7,20.6,21.2,20.9,21.2,20.8,21.1,20.7,20.9,20.5,21.1,20.6,21.7,21.3,21.7,21.6,20.7,21.4,23.6,23.6,20.8,21.2,23.6,22.6,20.4,20.8,20.2,20.9,20.6,20.9,19.9,20.3,19.6,19.9,19.6,20.4,20.7,20.4,20.3,20.5,20.4,20.2,21.7,20.2
off,2660,20.7,20.4,21.2,20.9,21.1,20.8,21.1,20.7,20.9,20.5,21.1,20.6,21.7,21.9,21.7,21.6,20.7,21.4,23.9,24.9,20.8,21.2,22.6,22.3,20.4,20.9,21.3,20.9,20.6,20.9,19.9,20.3,19.6,19.8,19.6,20.3,20.7,20.4,20.3,20.9,20.4,20.2,21.6,20.2
